[04:27:43][game_application.cpp:250]: Game Version: Cygnus v4.5.2
[04:27:43][defines.cpp:162]: 2132 defines loaded
[04:27:43][defines.cpp:196]: 254 interface defines loaded
[04:36:08][gamecontrolcommands.cpp:415]: Sending sync response, machine id: 1
[04:36:08][galaxy_generator.cpp:4536]: Generating World! Specified Seed: 316524795
[04:36:38][eventcommands.cpp:88]: Event tutorial.59 added info about event selection. selectedOption 0, human 1, playerEventId 2
[04:37:41][eventcommands.cpp:88]: Event advisor.1 added info about event selection. selectedOption 3, human 1, playerEventId 3
[04:37:42][eventcommands.cpp:88]: Event story.7 added info about event selection. selectedOption 7, human 1, playerEventId 4
[04:38:09][eventcommands.cpp:88]: Event eep.10 added info about event selection. selectedOption 0, human 1, playerEventId 5
[04:40:02][effect_impl.cpp:22217]: [2200.1.1] Log effect, file: events/eep_probe_events.txt line: 63. EEP_MONTH country=EEP 04 种族洁癖 C=0 G=0 D=2 made=0 worlds=0
[04:40:02][effect_impl.cpp:22217]: [2200.1.1] Log effect, file: events/eep_probe_events.txt line: 70. EEP_MONTH source=EEP-Q15 Q=15 T=36 progress=0
[04:40:02][effect_impl.cpp:22217]: [2200.1.1] Log effect, file: events/eep_probe_events.txt line: 72. EEP_MONTH operational=YES
[04:40:02][effect_impl.cpp:22217]: [2200.1.1] Log effect, file: events/eep_probe_events.txt line: 70. EEP_MONTH source=EEP-Q20 Q=20 T=48 progress=0
[04:40:02][effect_impl.cpp:22217]: [2200.1.1] Log effect, file: events/eep_probe_events.txt line: 70. EEP_MONTH source=EEP-Q25 Q=25 T=60 progress=0
[04:40:02][effect_impl.cpp:22217]: [2200.1.1] Log effect, file: events/eep_probe_events.txt line: 76. EEP_DLC Nemesis=YES
[04:40:02][effect_impl.cpp:22217]: [2200.1.1] Log effect, file: events/eep_probe_events.txt line: 78. EEP_DLC Shroud=YES
[04:41:38][effect_impl.cpp:22217]: [2200.2.3] Log effect, file: events/eep_probe_events.txt line: 63. EEP_MONTH country=EEP 04 种族洁癖 C=0 G=0 D=2 made=0 worlds=0
[04:41:38][effect_impl.cpp:22217]: [2200.2.3] Log effect, file: events/eep_probe_events.txt line: 70. EEP_MONTH source=EEP-Q15 Q=15 T=36 progress=1
[04:41:38][effect_impl.cpp:22217]: [2200.2.3] Log effect, file: events/eep_probe_events.txt line: 72. EEP_MONTH operational=YES
[04:41:38][effect_impl.cpp:22217]: [2200.2.3] Log effect, file: events/eep_probe_events.txt line: 70. EEP_MONTH source=EEP-Q20 Q=20 T=48 progress=1
[04:41:38][effect_impl.cpp:22217]: [2200.2.3] Log effect, file: events/eep_probe_events.txt line: 70. EEP_MONTH source=EEP-Q25 Q=25 T=60 progress=1
[04:41:38][effect_impl.cpp:22217]: [2200.2.3] Log effect, file: events/eep_probe_events.txt line: 76. EEP_DLC Nemesis=YES
[04:41:38][effect_impl.cpp:22217]: [2200.2.3] Log effect, file: events/eep_probe_events.txt line: 78. EEP_DLC Shroud=YES
[04:41:39][effect_impl.cpp:22217]: [2200.3.3] Log effect, file: events/eep_probe_events.txt line: 63. EEP_MONTH country=EEP 04 种族洁癖 C=0 G=0 D=2 made=0 worlds=0
[04:41:39][effect_impl.cpp:22217]: [2200.3.3] Log effect, file: events/eep_probe_events.txt line: 70. EEP_MONTH source=EEP-Q15 Q=15 T=36 progress=2
[04:41:39][effect_impl.cpp:22217]: [2200.3.3] Log effect, file: events/eep_probe_events.txt line: 72. EEP_MONTH operational=YES
[04:41:39][effect_impl.cpp:22217]: [2200.3.3] Log effect, file: events/eep_probe_events.txt line: 70. EEP_MONTH source=EEP-Q20 Q=20 T=48 progress=2
[04:41:39][effect_impl.cpp:22217]: [2200.3.3] Log effect, file: events/eep_probe_events.txt line: 70. EEP_MONTH source=EEP-Q25 Q=25 T=60 progress=2
[04:41:39][effect_impl.cpp:22217]: [2200.3.3] Log effect, file: events/eep_probe_events.txt line: 76. EEP_DLC Nemesis=YES
[04:41:39][effect_impl.cpp:22217]: [2200.3.3] Log effect, file: events/eep_probe_events.txt line: 78. EEP_DLC Shroud=YES
[04:41:39][effect_impl.cpp:22217]: [2200.4.3] Log effect, file: events/eep_probe_events.txt line: 63. EEP_MONTH country=EEP 04 种族洁癖 C=0 G=0 D=2 made=0 worlds=0
[04:41:39][effect_impl.cpp:22217]: [2200.4.3] Log effect, file: events/eep_probe_events.txt line: 70. EEP_MONTH source=EEP-Q15 Q=15 T=36 progress=3
[04:41:39][effect_impl.cpp:22217]: [2200.4.3] Log effect, file: events/eep_probe_events.txt line: 72. EEP_MONTH operational=YES
[04:41:39][effect_impl.cpp:22217]: [2200.4.3] Log effect, file: events/eep_probe_events.txt line: 70. EEP_MONTH source=EEP-Q20 Q=20 T=48 progress=3
[04:41:39][effect_impl.cpp:22217]: [2200.4.3] Log effect, file: events/eep_probe_events.txt line: 70. EEP_MONTH source=EEP-Q25 Q=25 T=60 progress=3
[04:41:39][effect_impl.cpp:22217]: [2200.4.3] Log effect, file: events/eep_probe_events.txt line: 76. EEP_DLC Nemesis=YES
[04:41:39][effect_impl.cpp:22217]: [2200.4.3] Log effect, file: events/eep_probe_events.txt line: 78. EEP_DLC Shroud=YES
[04:41:39][eventcommands.cpp:88]: Event first_contact.1 added info about event selection. selectedOption 0, human -1, playerEventId 6
[04:41:39][effect_impl.cpp:22217]: [2200.5.3] Log effect, file: events/eep_probe_events.txt line: 63. EEP_MONTH country=EEP 04 种族洁癖 C=0 G=0 D=2 made=0 worlds=0
[04:41:39][effect_impl.cpp:22217]: [2200.5.3] Log effect, file: events/eep_probe_events.txt line: 70. EEP_MONTH source=EEP-Q15 Q=15 T=36 progress=4
[04:41:39][effect_impl.cpp:22217]: [2200.5.3] Log effect, file: events/eep_probe_events.txt line: 72. EEP_MONTH operational=YES
[04:41:39][effect_impl.cpp:22217]: [2200.5.3] Log effect, file: events/eep_probe_events.txt line: 70. EEP_MONTH source=EEP-Q20 Q=20 T=48 progress=4
[04:41:39][effect_impl.cpp:22217]: [2200.5.3] Log effect, file: events/eep_probe_events.txt line: 70. EEP_MONTH source=EEP-Q25 Q=25 T=60 progress=4
[04:41:39][effect_impl.cpp:22217]: [2200.5.3] Log effect, file: events/eep_probe_events.txt line: 76. EEP_DLC Nemesis=YES
[04:41:39][effect_impl.cpp:22217]: [2200.5.3] Log effect, file: events/eep_probe_events.txt line: 78. EEP_DLC Shroud=YES
[04:41:39][effect_impl.cpp:22217]: [2200.6.3] Log effect, file: events/eep_probe_events.txt line: 63. EEP_MONTH country=EEP 04 种族洁癖 C=0 G=0 D=2 made=0 worlds=0
[04:41:39][effect_impl.cpp:22217]: [2200.6.3] Log effect, file: events/eep_probe_events.txt line: 70. EEP_MONTH source=EEP-Q15 Q=15 T=36 progress=5
[04:41:39][effect_impl.cpp:22217]: [2200.6.3] Log effect, file: events/eep_probe_events.txt line: 72. EEP_MONTH operational=YES
[04:41:39][effect_impl.cpp:22217]: [2200.6.3] Log effect, file: events/eep_probe_events.txt line: 70. EEP_MONTH source=EEP-Q20 Q=20 T=48 progress=5
[04:41:39][effect_impl.cpp:22217]: [2200.6.3] Log effect, file: events/eep_probe_events.txt line: 70. EEP_MONTH source=EEP-Q25 Q=25 T=60 progress=5
[04:41:39][effect_impl.cpp:22217]: [2200.6.3] Log effect, file: events/eep_probe_events.txt line: 76. EEP_DLC Nemesis=YES
[04:41:39][effect_impl.cpp:22217]: [2200.6.3] Log effect, file: events/eep_probe_events.txt line: 78. EEP_DLC Shroud=YES
[04:41:40][effect_impl.cpp:22217]: [2200.7.3] Log effect, file: events/eep_probe_events.txt line: 63. EEP_MONTH country=EEP 04 种族洁癖 C=0 G=0 D=2 made=0 worlds=0
[04:41:40][effect_impl.cpp:22217]: [2200.7.3] Log effect, file: events/eep_probe_events.txt line: 70. EEP_MONTH source=EEP-Q15 Q=15 T=36 progress=6
[04:41:40][effect_impl.cpp:22217]: [2200.7.3] Log effect, file: events/eep_probe_events.txt line: 72. EEP_MONTH operational=YES
[04:41:40][effect_impl.cpp:22217]: [2200.7.3] Log effect, file: events/eep_probe_events.txt line: 70. EEP_MONTH source=EEP-Q20 Q=20 T=48 progress=6
[04:41:40][effect_impl.cpp:22217]: [2200.7.3] Log effect, file: events/eep_probe_events.txt line: 70. EEP_MONTH source=EEP-Q25 Q=25 T=60 progress=6
[04:41:40][effect_impl.cpp:22217]: [2200.7.3] Log effect, file: events/eep_probe_events.txt line: 76. EEP_DLC Nemesis=YES
[04:41:40][effect_impl.cpp:22217]: [2200.7.3] Log effect, file: events/eep_probe_events.txt line: 78. EEP_DLC Shroud=YES
[04:41:40][effect_impl.cpp:22217]: [2200.8.3] Log effect, file: events/eep_probe_events.txt line: 63. EEP_MONTH country=EEP 04 种族洁癖 C=0 G=0 D=2 made=0 worlds=0
[04:41:40][effect_impl.cpp:22217]: [2200.8.3] Log effect, file: events/eep_probe_events.txt line: 70. EEP_MONTH source=EEP-Q15 Q=15 T=36 progress=7
[04:41:40][effect_impl.cpp:22217]: [2200.8.3] Log effect, file: events/eep_probe_events.txt line: 72. EEP_MONTH operational=YES
[04:41:40][effect_impl.cpp:22217]: [2200.8.3] Log effect, file: events/eep_probe_events.txt line: 70. EEP_MONTH source=EEP-Q20 Q=20 T=48 progress=7
[04:41:40][effect_impl.cpp:22217]: [2200.8.3] Log effect, file: events/eep_probe_events.txt line: 70. EEP_MONTH source=EEP-Q25 Q=25 T=60 progress=7
[04:41:40][effect_impl.cpp:22217]: [2200.8.3] Log effect, file: events/eep_probe_events.txt line: 76. EEP_DLC Nemesis=YES
[04:41:40][effect_impl.cpp:22217]: [2200.8.3] Log effect, file: events/eep_probe_events.txt line: 78. EEP_DLC Shroud=YES
[04:41:41][effect_impl.cpp:22217]: [2200.9.3] Log effect, file: events/eep_probe_events.txt line: 63. EEP_MONTH country=EEP 04 种族洁癖 C=0 G=0 D=2 made=0 worlds=0
[04:41:41][effect_impl.cpp:22217]: [2200.9.3] Log effect, file: events/eep_probe_events.txt line: 70. EEP_MONTH source=EEP-Q15 Q=15 T=36 progress=8
[04:41:41][effect_impl.cpp:22217]: [2200.9.3] Log effect, file: events/eep_probe_events.txt line: 72. EEP_MONTH operational=YES
[04:41:41][effect_impl.cpp:22217]: [2200.9.3] Log effect, file: events/eep_probe_events.txt line: 70. EEP_MONTH source=EEP-Q20 Q=20 T=48 progress=8
[04:41:41][effect_impl.cpp:22217]: [2200.9.3] Log effect, file: events/eep_probe_events.txt line: 70. EEP_MONTH source=EEP-Q25 Q=25 T=60 progress=8
[04:41:41][effect_impl.cpp:22217]: [2200.9.3] Log effect, file: events/eep_probe_events.txt line: 76. EEP_DLC Nemesis=YES
[04:41:41][effect_impl.cpp:22217]: [2200.9.3] Log effect, file: events/eep_probe_events.txt line: 78. EEP_DLC Shroud=YES
[04:41:41][eventcommands.cpp:88]: Event first_contact.1 added info about event selection. selectedOption 0, human -1, playerEventId 1
[04:41:41][effect_impl.cpp:22217]: [2200.10.3] Log effect, file: events/eep_probe_events.txt line: 63. EEP_MONTH country=EEP 04 种族洁癖 C=0 G=0 D=2 made=0 worlds=0
[04:41:41][effect_impl.cpp:22217]: [2200.10.3] Log effect, file: events/eep_probe_events.txt line: 70. EEP_MONTH source=EEP-Q15 Q=15 T=36 progress=9
[04:41:41][effect_impl.cpp:22217]: [2200.10.3] Log effect, file: events/eep_probe_events.txt line: 72. EEP_MONTH operational=YES
[04:41:41][effect_impl.cpp:22217]: [2200.10.3] Log effect, file: events/eep_probe_events.txt line: 70. EEP_MONTH source=EEP-Q20 Q=20 T=48 progress=9
[04:41:41][effect_impl.cpp:22217]: [2200.10.3] Log effect, file: events/eep_probe_events.txt line: 70. EEP_MONTH source=EEP-Q25 Q=25 T=60 progress=9
[04:41:41][effect_impl.cpp:22217]: [2200.10.3] Log effect, file: events/eep_probe_events.txt line: 76. EEP_DLC Nemesis=YES
[04:41:41][effect_impl.cpp:22217]: [2200.10.3] Log effect, file: events/eep_probe_events.txt line: 78. EEP_DLC Shroud=YES
[04:41:41][effect_impl.cpp:22217]: [2200.11.3] Log effect, file: events/eep_probe_events.txt line: 63. EEP_MONTH country=EEP 04 种族洁癖 C=0 G=0 D=2 made=0 worlds=0
[04:41:41][effect_impl.cpp:22217]: [2200.11.3] Log effect, file: events/eep_probe_events.txt line: 70. EEP_MONTH source=EEP-Q15 Q=15 T=36 progress=10
[04:41:41][effect_impl.cpp:22217]: [2200.11.3] Log effect, file: events/eep_probe_events.txt line: 72. EEP_MONTH operational=YES
[04:41:41][effect_impl.cpp:22217]: [2200.11.3] Log effect, file: events/eep_probe_events.txt line: 70. EEP_MONTH source=EEP-Q20 Q=20 T=48 progress=10
[04:41:41][effect_impl.cpp:22217]: [2200.11.3] Log effect, file: events/eep_probe_events.txt line: 70. EEP_MONTH source=EEP-Q25 Q=25 T=60 progress=10
[04:41:41][effect_impl.cpp:22217]: [2200.11.3] Log effect, file: events/eep_probe_events.txt line: 76. EEP_DLC Nemesis=YES
[04:41:41][effect_impl.cpp:22217]: [2200.11.3] Log effect, file: events/eep_probe_events.txt line: 78. EEP_DLC Shroud=YES
[04:41:41][effect_impl.cpp:22217]: [2200.12.3] Log effect, file: events/eep_probe_events.txt line: 63. EEP_MONTH country=EEP 04 种族洁癖 C=0 G=0 D=2 made=0 worlds=0
[04:41:41][effect_impl.cpp:22217]: [2200.12.3] Log effect, file: events/eep_probe_events.txt line: 70. EEP_MONTH source=EEP-Q15 Q=15 T=36 progress=11
[04:41:41][effect_impl.cpp:22217]: [2200.12.3] Log effect, file: events/eep_probe_events.txt line: 72. EEP_MONTH operational=YES
[04:41:41][effect_impl.cpp:22217]: [2200.12.3] Log effect, file: events/eep_probe_events.txt line: 70. EEP_MONTH source=EEP-Q20 Q=20 T=48 progress=11
[04:41:41][effect_impl.cpp:22217]: [2200.12.3] Log effect, file: events/eep_probe_events.txt line: 70. EEP_MONTH source=EEP-Q25 Q=25 T=60 progress=11
[04:41:41][effect_impl.cpp:22217]: [2200.12.3] Log effect, file: events/eep_probe_events.txt line: 76. EEP_DLC Nemesis=YES
[04:41:41][effect_impl.cpp:22217]: [2200.12.3] Log effect, file: events/eep_probe_events.txt line: 78. EEP_DLC Shroud=YES
[04:41:42][effect_impl.cpp:22217]: [2201.1.3] Log effect, file: events/eep_probe_events.txt line: 63. EEP_MONTH country=EEP 04 种族洁癖 C=0 G=0 D=2 made=0 worlds=0
[04:41:42][effect_impl.cpp:22217]: [2201.1.3] Log effect, file: events/eep_probe_events.txt line: 70. EEP_MONTH source=EEP-Q15 Q=15 T=36 progress=12
[04:41:42][effect_impl.cpp:22217]: [2201.1.3] Log effect, file: events/eep_probe_events.txt line: 72. EEP_MONTH operational=YES
[04:41:42][effect_impl.cpp:22217]: [2201.1.3] Log effect, file: events/eep_probe_events.txt line: 70. EEP_MONTH source=EEP-Q20 Q=20 T=48 progress=12
[04:41:42][effect_impl.cpp:22217]: [2201.1.3] Log effect, file: events/eep_probe_events.txt line: 70. EEP_MONTH source=EEP-Q25 Q=25 T=60 progress=12
[04:41:42][effect_impl.cpp:22217]: [2201.1.3] Log effect, file: events/eep_probe_events.txt line: 76. EEP_DLC Nemesis=YES
[04:41:42][effect_impl.cpp:22217]: [2201.1.3] Log effect, file: events/eep_probe_events.txt line: 78. EEP_DLC Shroud=YES
[04:41:42][effect_impl.cpp:22217]: [2201.2.3] Log effect, file: events/eep_probe_events.txt line: 63. EEP_MONTH country=EEP 04 种族洁癖 C=0 G=0 D=2 made=0 worlds=0
[04:41:42][effect_impl.cpp:22217]: [2201.2.3] Log effect, file: events/eep_probe_events.txt line: 70. EEP_MONTH source=EEP-Q15 Q=15 T=36 progress=13
[04:41:42][effect_impl.cpp:22217]: [2201.2.3] Log effect, file: events/eep_probe_events.txt line: 72. EEP_MONTH operational=YES
[04:41:42][effect_impl.cpp:22217]: [2201.2.3] Log effect, file: events/eep_probe_events.txt line: 70. EEP_MONTH source=EEP-Q20 Q=20 T=48 progress=13
[04:41:42][effect_impl.cpp:22217]: [2201.2.3] Log effect, file: events/eep_probe_events.txt line: 70. EEP_MONTH source=EEP-Q25 Q=25 T=60 progress=13
[04:41:42][effect_impl.cpp:22217]: [2201.2.3] Log effect, file: events/eep_probe_events.txt line: 76. EEP_DLC Nemesis=YES
[04:41:42][effect_impl.cpp:22217]: [2201.2.3] Log effect, file: events/eep_probe_events.txt line: 78. EEP_DLC Shroud=YES
[04:41:42][effect_impl.cpp:22217]: [2201.3.3] Log effect, file: events/eep_probe_events.txt line: 63. EEP_MONTH country=EEP 04 种族洁癖 C=0 G=0 D=2 made=0 worlds=0
[04:41:42][effect_impl.cpp:22217]: [2201.3.3] Log effect, file: events/eep_probe_events.txt line: 70. EEP_MONTH source=EEP-Q15 Q=15 T=36 progress=14
[04:41:42][effect_impl.cpp:22217]: [2201.3.3] Log effect, file: events/eep_probe_events.txt line: 72. EEP_MONTH operational=YES
[04:41:42][effect_impl.cpp:22217]: [2201.3.3] Log effect, file: events/eep_probe_events.txt line: 70. EEP_MONTH source=EEP-Q20 Q=20 T=48 progress=14
[04:41:42][effect_impl.cpp:22217]: [2201.3.3] Log effect, file: events/eep_probe_events.txt line: 70. EEP_MONTH source=EEP-Q25 Q=25 T=60 progress=14
[04:41:42][effect_impl.cpp:22217]: [2201.3.3] Log effect, file: events/eep_probe_events.txt line: 76. EEP_DLC Nemesis=YES
[04:41:42][effect_impl.cpp:22217]: [2201.3.3] Log effect, file: events/eep_probe_events.txt line: 78. EEP_DLC Shroud=YES
[04:41:43][effect_impl.cpp:22217]: [2201.4.3] Log effect, file: events/eep_probe_events.txt line: 63. EEP_MONTH country=EEP 04 种族洁癖 C=0 G=0 D=2 made=0 worlds=0
[04:41:43][effect_impl.cpp:22217]: [2201.4.3] Log effect, file: events/eep_probe_events.txt line: 70. EEP_MONTH source=EEP-Q15 Q=15 T=36 progress=15
[04:41:43][effect_impl.cpp:22217]: [2201.4.3] Log effect, file: events/eep_probe_events.txt line: 72. EEP_MONTH operational=YES
[04:41:43][effect_impl.cpp:22217]: [2201.4.3] Log effect, file: events/eep_probe_events.txt line: 70. EEP_MONTH source=EEP-Q20 Q=20 T=48 progress=15
[04:41:43][effect_impl.cpp:22217]: [2201.4.3] Log effect, file: events/eep_probe_events.txt line: 70. EEP_MONTH source=EEP-Q25 Q=25 T=60 progress=15
[04:41:43][effect_impl.cpp:22217]: [2201.4.3] Log effect, file: events/eep_probe_events.txt line: 76. EEP_DLC Nemesis=YES
[04:41:43][effect_impl.cpp:22217]: [2201.4.3] Log effect, file: events/eep_probe_events.txt line: 78. EEP_DLC Shroud=YES
[04:41:43][effect_impl.cpp:22217]: [2201.5.3] Log effect, file: events/eep_probe_events.txt line: 63. EEP_MONTH country=EEP 04 种族洁癖 C=0 G=0 D=2 made=0 worlds=0
[04:41:43][effect_impl.cpp:22217]: [2201.5.3] Log effect, file: events/eep_probe_events.txt line: 70. EEP_MONTH source=EEP-Q15 Q=15 T=36 progress=16
[04:41:43][effect_impl.cpp:22217]: [2201.5.3] Log effect, file: events/eep_probe_events.txt line: 72. EEP_MONTH operational=YES
[04:41:43][effect_impl.cpp:22217]: [2201.5.3] Log effect, file: events/eep_probe_events.txt line: 70. EEP_MONTH source=EEP-Q20 Q=20 T=48 progress=16
[04:41:43][effect_impl.cpp:22217]: [2201.5.3] Log effect, file: events/eep_probe_events.txt line: 70. EEP_MONTH source=EEP-Q25 Q=25 T=60 progress=16
[04:41:43][effect_impl.cpp:22217]: [2201.5.3] Log effect, file: events/eep_probe_events.txt line: 76. EEP_DLC Nemesis=YES
[04:41:43][effect_impl.cpp:22217]: [2201.5.3] Log effect, file: events/eep_probe_events.txt line: 78. EEP_DLC Shroud=YES
[04:41:43][effect_impl.cpp:22217]: [2201.6.3] Log effect, file: events/eep_probe_events.txt line: 63. EEP_MONTH country=EEP 04 种族洁癖 C=0 G=0 D=2 made=0 worlds=0
[04:41:43][effect_impl.cpp:22217]: [2201.6.3] Log effect, file: events/eep_probe_events.txt line: 70. EEP_MONTH source=EEP-Q15 Q=15 T=36 progress=17
[04:41:43][effect_impl.cpp:22217]: [2201.6.3] Log effect, file: events/eep_probe_events.txt line: 72. EEP_MONTH operational=YES
[04:41:43][effect_impl.cpp:22217]: [2201.6.3] Log effect, file: events/eep_probe_events.txt line: 70. EEP_MONTH source=EEP-Q20 Q=20 T=48 progress=17
[04:41:43][effect_impl.cpp:22217]: [2201.6.3] Log effect, file: events/eep_probe_events.txt line: 70. EEP_MONTH source=EEP-Q25 Q=25 T=60 progress=17
[04:41:43][effect_impl.cpp:22217]: [2201.6.3] Log effect, file: events/eep_probe_events.txt line: 76. EEP_DLC Nemesis=YES
[04:41:43][effect_impl.cpp:22217]: [2201.6.3] Log effect, file: events/eep_probe_events.txt line: 78. EEP_DLC Shroud=YES
[04:41:44][effect_impl.cpp:22217]: [2201.7.3] Log effect, file: events/eep_probe_events.txt line: 63. EEP_MONTH country=EEP 04 种族洁癖 C=0 G=0 D=2 made=0 worlds=0
[04:41:44][effect_impl.cpp:22217]: [2201.7.3] Log effect, file: events/eep_probe_events.txt line: 70. EEP_MONTH source=EEP-Q15 Q=15 T=36 progress=18
[04:41:44][effect_impl.cpp:22217]: [2201.7.3] Log effect, file: events/eep_probe_events.txt line: 72. EEP_MONTH operational=YES
[04:41:44][effect_impl.cpp:22217]: [2201.7.3] Log effect, file: events/eep_probe_events.txt line: 70. EEP_MONTH source=EEP-Q20 Q=20 T=48 progress=18
[04:41:44][effect_impl.cpp:22217]: [2201.7.3] Log effect, file: events/eep_probe_events.txt line: 70. EEP_MONTH source=EEP-Q25 Q=25 T=60 progress=18
[04:41:44][effect_impl.cpp:22217]: [2201.7.3] Log effect, file: events/eep_probe_events.txt line: 76. EEP_DLC Nemesis=YES
[04:41:44][effect_impl.cpp:22217]: [2201.7.3] Log effect, file: events/eep_probe_events.txt line: 78. EEP_DLC Shroud=YES
[04:41:44][effect_impl.cpp:22217]: [2201.8.3] Log effect, file: events/eep_probe_events.txt line: 63. EEP_MONTH country=EEP 04 种族洁癖 C=0 G=0 D=2 made=0 worlds=0
[04:41:44][effect_impl.cpp:22217]: [2201.8.3] Log effect, file: events/eep_probe_events.txt line: 70. EEP_MONTH source=EEP-Q15 Q=15 T=36 progress=19
[04:41:44][effect_impl.cpp:22217]: [2201.8.3] Log effect, file: events/eep_probe_events.txt line: 72. EEP_MONTH operational=YES
[04:41:44][effect_impl.cpp:22217]: [2201.8.3] Log effect, file: events/eep_probe_events.txt line: 70. EEP_MONTH source=EEP-Q20 Q=20 T=48 progress=19
[04:41:44][effect_impl.cpp:22217]: [2201.8.3] Log effect, file: events/eep_probe_events.txt line: 70. EEP_MONTH source=EEP-Q25 Q=25 T=60 progress=19
[04:41:44][effect_impl.cpp:22217]: [2201.8.3] Log effect, file: events/eep_probe_events.txt line: 76. EEP_DLC Nemesis=YES
[04:41:44][effect_impl.cpp:22217]: [2201.8.3] Log effect, file: events/eep_probe_events.txt line: 78. EEP_DLC Shroud=YES
[04:41:44][effect_impl.cpp:22217]: [2201.9.3] Log effect, file: events/eep_probe_events.txt line: 63. EEP_MONTH country=EEP 04 种族洁癖 C=0 G=0 D=2 made=0 worlds=0
[04:41:44][effect_impl.cpp:22217]: [2201.9.3] Log effect, file: events/eep_probe_events.txt line: 70. EEP_MONTH source=EEP-Q15 Q=15 T=36 progress=20
[04:41:44][effect_impl.cpp:22217]: [2201.9.3] Log effect, file: events/eep_probe_events.txt line: 72. EEP_MONTH operational=YES
[04:41:44][effect_impl.cpp:22217]: [2201.9.3] Log effect, file: events/eep_probe_events.txt line: 70. EEP_MONTH source=EEP-Q20 Q=20 T=48 progress=20
[04:41:44][effect_impl.cpp:22217]: [2201.9.3] Log effect, file: events/eep_probe_events.txt line: 70. EEP_MONTH source=EEP-Q25 Q=25 T=60 progress=20
[04:41:44][effect_impl.cpp:22217]: [2201.9.3] Log effect, file: events/eep_probe_events.txt line: 76. EEP_DLC Nemesis=YES
[04:41:44][effect_impl.cpp:22217]: [2201.9.3] Log effect, file: events/eep_probe_events.txt line: 78. EEP_DLC Shroud=YES
[04:41:45][effect_impl.cpp:22217]: [2201.10.1] Log effect, common/scripted_effects/00_scripted_effects.txt:6256 @ scripted effect country_defaulted_effect at file: events/situation_deficit_events.txt line: 540. AI  in  defaulted as a result of 
[04:41:45][effect_impl.cpp:22217]: [2201.10.3] Log effect, file: events/eep_probe_events.txt line: 63. EEP_MONTH country=EEP 04 种族洁癖 C=0 G=0 D=2 made=0 worlds=0
[04:41:45][effect_impl.cpp:22217]: [2201.10.3] Log effect, file: events/eep_probe_events.txt line: 70. EEP_MONTH source=EEP-Q15 Q=15 T=36 progress=21
[04:41:45][effect_impl.cpp:22217]: [2201.10.3] Log effect, file: events/eep_probe_events.txt line: 72. EEP_MONTH operational=YES
[04:41:45][effect_impl.cpp:22217]: [2201.10.3] Log effect, file: events/eep_probe_events.txt line: 70. EEP_MONTH source=EEP-Q20 Q=20 T=48 progress=21
[04:41:45][effect_impl.cpp:22217]: [2201.10.3] Log effect, file: events/eep_probe_events.txt line: 70. EEP_MONTH source=EEP-Q25 Q=25 T=60 progress=21
[04:41:45][effect_impl.cpp:22217]: [2201.10.3] Log effect, file: events/eep_probe_events.txt line: 76. EEP_DLC Nemesis=YES
[04:41:45][effect_impl.cpp:22217]: [2201.10.3] Log effect, file: events/eep_probe_events.txt line: 78. EEP_DLC Shroud=YES
[04:41:45][effect_impl.cpp:22217]: [2201.11.3] Log effect, file: events/eep_probe_events.txt line: 63. EEP_MONTH country=EEP 04 种族洁癖 C=0 G=0 D=2 made=0 worlds=0
[04:41:45][effect_impl.cpp:22217]: [2201.11.3] Log effect, file: events/eep_probe_events.txt line: 70. EEP_MONTH source=EEP-Q15 Q=15 T=36 progress=22
[04:41:45][effect_impl.cpp:22217]: [2201.11.3] Log effect, file: events/eep_probe_events.txt line: 72. EEP_MONTH operational=YES
[04:41:45][effect_impl.cpp:22217]: [2201.11.3] Log effect, file: events/eep_probe_events.txt line: 70. EEP_MONTH source=EEP-Q20 Q=20 T=48 progress=22
[04:41:45][effect_impl.cpp:22217]: [2201.11.3] Log effect, file: events/eep_probe_events.txt line: 70. EEP_MONTH source=EEP-Q25 Q=25 T=60 progress=22
[04:41:45][effect_impl.cpp:22217]: [2201.11.3] Log effect, file: events/eep_probe_events.txt line: 76. EEP_DLC Nemesis=YES
[04:41:45][effect_impl.cpp:22217]: [2201.11.3] Log effect, file: events/eep_probe_events.txt line: 78. EEP_DLC Shroud=YES
[04:41:45][effect_impl.cpp:22217]: [2201.12.3] Log effect, file: events/eep_probe_events.txt line: 63. EEP_MONTH country=EEP 04 种族洁癖 C=0 G=0 D=2 made=0 worlds=0
[04:41:45][effect_impl.cpp:22217]: [2201.12.3] Log effect, file: events/eep_probe_events.txt line: 70. EEP_MONTH source=EEP-Q15 Q=15 T=36 progress=23
[04:41:45][effect_impl.cpp:22217]: [2201.12.3] Log effect, file: events/eep_probe_events.txt line: 72. EEP_MONTH operational=YES
[04:41:45][effect_impl.cpp:22217]: [2201.12.3] Log effect, file: events/eep_probe_events.txt line: 70. EEP_MONTH source=EEP-Q20 Q=20 T=48 progress=23
[04:41:45][effect_impl.cpp:22217]: [2201.12.3] Log effect, file: events/eep_probe_events.txt line: 70. EEP_MONTH source=EEP-Q25 Q=25 T=60 progress=23
[04:41:45][effect_impl.cpp:22217]: [2201.12.3] Log effect, file: events/eep_probe_events.txt line: 76. EEP_DLC Nemesis=YES
[04:41:45][effect_impl.cpp:22217]: [2201.12.3] Log effect, file: events/eep_probe_events.txt line: 78. EEP_DLC Shroud=YES
[04:41:46][effect_impl.cpp:22217]: [2202.1.3] Log effect, file: events/eep_probe_events.txt line: 63. EEP_MONTH country=EEP 04 种族洁癖 C=0 G=0 D=2 made=0 worlds=0
[04:41:46][effect_impl.cpp:22217]: [2202.1.3] Log effect, file: events/eep_probe_events.txt line: 70. EEP_MONTH source=EEP-Q15 Q=15 T=36 progress=24
[04:41:46][effect_impl.cpp:22217]: [2202.1.3] Log effect, file: events/eep_probe_events.txt line: 72. EEP_MONTH operational=YES
[04:41:46][effect_impl.cpp:22217]: [2202.1.3] Log effect, file: events/eep_probe_events.txt line: 70. EEP_MONTH source=EEP-Q20 Q=20 T=48 progress=24
[04:41:46][effect_impl.cpp:22217]: [2202.1.3] Log effect, file: events/eep_probe_events.txt line: 70. EEP_MONTH source=EEP-Q25 Q=25 T=60 progress=24
[04:41:46][effect_impl.cpp:22217]: [2202.1.3] Log effect, file: events/eep_probe_events.txt line: 76. EEP_DLC Nemesis=YES
[04:41:46][effect_impl.cpp:22217]: [2202.1.3] Log effect, file: events/eep_probe_events.txt line: 78. EEP_DLC Shroud=YES
[04:41:46][effect_impl.cpp:22217]: [2202.2.3] Log effect, file: events/eep_probe_events.txt line: 63. EEP_MONTH country=EEP 04 种族洁癖 C=0 G=0 D=2 made=0 worlds=0
[04:41:46][effect_impl.cpp:22217]: [2202.2.3] Log effect, file: events/eep_probe_events.txt line: 70. EEP_MONTH source=EEP-Q15 Q=15 T=36 progress=25
[04:41:46][effect_impl.cpp:22217]: [2202.2.3] Log effect, file: events/eep_probe_events.txt line: 72. EEP_MONTH operational=YES
[04:41:46][effect_impl.cpp:22217]: [2202.2.3] Log effect, file: events/eep_probe_events.txt line: 70. EEP_MONTH source=EEP-Q20 Q=20 T=48 progress=25
[04:41:46][effect_impl.cpp:22217]: [2202.2.3] Log effect, file: events/eep_probe_events.txt line: 70. EEP_MONTH source=EEP-Q25 Q=25 T=60 progress=25
[04:41:46][effect_impl.cpp:22217]: [2202.2.3] Log effect, file: events/eep_probe_events.txt line: 76. EEP_DLC Nemesis=YES
[04:41:46][effect_impl.cpp:22217]: [2202.2.3] Log effect, file: events/eep_probe_events.txt line: 78. EEP_DLC Shroud=YES
[04:41:46][effect_impl.cpp:22217]: [2202.3.3] Log effect, file: events/eep_probe_events.txt line: 63. EEP_MONTH country=EEP 04 种族洁癖 C=0 G=0 D=2 made=0 worlds=0
[04:41:46][effect_impl.cpp:22217]: [2202.3.3] Log effect, file: events/eep_probe_events.txt line: 70. EEP_MONTH source=EEP-Q15 Q=15 T=36 progress=26
[04:41:46][effect_impl.cpp:22217]: [2202.3.3] Log effect, file: events/eep_probe_events.txt line: 72. EEP_MONTH operational=YES
[04:41:46][effect_impl.cpp:22217]: [2202.3.3] Log effect, file: events/eep_probe_events.txt line: 70. EEP_MONTH source=EEP-Q20 Q=20 T=48 progress=26
[04:41:46][effect_impl.cpp:22217]: [2202.3.3] Log effect, file: events/eep_probe_events.txt line: 70. EEP_MONTH source=EEP-Q25 Q=25 T=60 progress=26
[04:41:46][effect_impl.cpp:22217]: [2202.3.3] Log effect, file: events/eep_probe_events.txt line: 76. EEP_DLC Nemesis=YES
[04:41:46][effect_impl.cpp:22217]: [2202.3.3] Log effect, file: events/eep_probe_events.txt line: 78. EEP_DLC Shroud=YES
[04:41:47][eventcommands.cpp:88]: Event story.7 added info about event selection. selectedOption 2, human -1, playerEventId 4
[04:41:47][effect_impl.cpp:22217]: [2202.4.3] Log effect, file: events/eep_probe_events.txt line: 63. EEP_MONTH country=EEP 04 种族洁癖 C=0 G=0 D=2 made=0 worlds=0
[04:41:47][effect_impl.cpp:22217]: [2202.4.3] Log effect, file: events/eep_probe_events.txt line: 70. EEP_MONTH source=EEP-Q15 Q=15 T=36 progress=27
[04:41:47][effect_impl.cpp:22217]: [2202.4.3] Log effect, file: events/eep_probe_events.txt line: 72. EEP_MONTH operational=YES
[04:41:47][effect_impl.cpp:22217]: [2202.4.3] Log effect, file: events/eep_probe_events.txt line: 70. EEP_MONTH source=EEP-Q20 Q=20 T=48 progress=27
[04:41:47][effect_impl.cpp:22217]: [2202.4.3] Log effect, file: events/eep_probe_events.txt line: 70. EEP_MONTH source=EEP-Q25 Q=25 T=60 progress=27
[04:41:47][effect_impl.cpp:22217]: [2202.4.3] Log effect, file: events/eep_probe_events.txt line: 76. EEP_DLC Nemesis=YES
[04:41:47][effect_impl.cpp:22217]: [2202.4.3] Log effect, file: events/eep_probe_events.txt line: 78. EEP_DLC Shroud=YES
[04:41:47][eventcommands.cpp:88]: Event origin.1200 added info about event selection. selectedOption 0, human -1, playerEventId 7
[04:41:47][effect_impl.cpp:22217]: [2202.5.3] Log effect, file: events/eep_probe_events.txt line: 63. EEP_MONTH country=EEP 04 种族洁癖 C=0 G=0 D=2 made=0 worlds=0
[04:41:47][effect_impl.cpp:22217]: [2202.5.3] Log effect, file: events/eep_probe_events.txt line: 70. EEP_MONTH source=EEP-Q15 Q=15 T=36 progress=28
[04:41:47][effect_impl.cpp:22217]: [2202.5.3] Log effect, file: events/eep_probe_events.txt line: 72. EEP_MONTH operational=YES
[04:41:47][effect_impl.cpp:22217]: [2202.5.3] Log effect, file: events/eep_probe_events.txt line: 70. EEP_MONTH source=EEP-Q20 Q=20 T=48 progress=28
[04:41:47][effect_impl.cpp:22217]: [2202.5.3] Log effect, file: events/eep_probe_events.txt line: 70. EEP_MONTH source=EEP-Q25 Q=25 T=60 progress=28
[04:41:47][effect_impl.cpp:22217]: [2202.5.3] Log effect, file: events/eep_probe_events.txt line: 76. EEP_DLC Nemesis=YES
[04:41:47][effect_impl.cpp:22217]: [2202.5.3] Log effect, file: events/eep_probe_events.txt line: 78. EEP_DLC Shroud=YES
[04:41:47][eventcommands.cpp:88]: Event first_contact_critters.1 added info about event selection. selectedOption 0, human -1, playerEventId 8
[04:41:47][effect_impl.cpp:22217]: [2202.6.3] Log effect, file: events/eep_probe_events.txt line: 63. EEP_MONTH country=EEP 04 种族洁癖 C=0 G=0 D=2 made=0 worlds=0
[04:41:47][effect_impl.cpp:22217]: [2202.6.3] Log effect, file: events/eep_probe_events.txt line: 70. EEP_MONTH source=EEP-Q15 Q=15 T=36 progress=29
[04:41:47][effect_impl.cpp:22217]: [2202.6.3] Log effect, file: events/eep_probe_events.txt line: 72. EEP_MONTH operational=YES
[04:41:47][effect_impl.cpp:22217]: [2202.6.3] Log effect, file: events/eep_probe_events.txt line: 70. EEP_MONTH source=EEP-Q20 Q=20 T=48 progress=29
[04:41:47][effect_impl.cpp:22217]: [2202.6.3] Log effect, file: events/eep_probe_events.txt line: 70. EEP_MONTH source=EEP-Q25 Q=25 T=60 progress=29
[04:41:47][effect_impl.cpp:22217]: [2202.6.3] Log effect, file: events/eep_probe_events.txt line: 76. EEP_DLC Nemesis=YES
[04:41:47][effect_impl.cpp:22217]: [2202.6.3] Log effect, file: events/eep_probe_events.txt line: 78. EEP_DLC Shroud=YES
[04:41:48][effect_impl.cpp:22217]: [2202.7.3] Log effect, file: events/eep_probe_events.txt line: 63. EEP_MONTH country=EEP 04 种族洁癖 C=0 G=0 D=2 made=0 worlds=0
[04:41:48][effect_impl.cpp:22217]: [2202.7.3] Log effect, file: events/eep_probe_events.txt line: 70. EEP_MONTH source=EEP-Q15 Q=15 T=36 progress=30
[04:41:48][effect_impl.cpp:22217]: [2202.7.3] Log effect, file: events/eep_probe_events.txt line: 72. EEP_MONTH operational=YES
[04:41:48][effect_impl.cpp:22217]: [2202.7.3] Log effect, file: events/eep_probe_events.txt line: 70. EEP_MONTH source=EEP-Q20 Q=20 T=48 progress=30
[04:41:48][effect_impl.cpp:22217]: [2202.7.3] Log effect, file: events/eep_probe_events.txt line: 70. EEP_MONTH source=EEP-Q25 Q=25 T=60 progress=30
[04:41:48][effect_impl.cpp:22217]: [2202.7.3] Log effect, file: events/eep_probe_events.txt line: 76. EEP_DLC Nemesis=YES
[04:41:48][effect_impl.cpp:22217]: [2202.7.3] Log effect, file: events/eep_probe_events.txt line: 78. EEP_DLC Shroud=YES
[04:41:48][effect_impl.cpp:22217]: [2202.8.3] Log effect, file: events/eep_probe_events.txt line: 63. EEP_MONTH country=EEP 04 种族洁癖 C=0 G=0 D=2 made=0 worlds=0
[04:41:48][effect_impl.cpp:22217]: [2202.8.3] Log effect, file: events/eep_probe_events.txt line: 70. EEP_MONTH source=EEP-Q15 Q=15 T=36 progress=31
[04:41:48][effect_impl.cpp:22217]: [2202.8.3] Log effect, file: events/eep_probe_events.txt line: 72. EEP_MONTH operational=YES
[04:41:48][effect_impl.cpp:22217]: [2202.8.3] Log effect, file: events/eep_probe_events.txt line: 70. EEP_MONTH source=EEP-Q20 Q=20 T=48 progress=31
[04:41:48][effect_impl.cpp:22217]: [2202.8.3] Log effect, file: events/eep_probe_events.txt line: 70. EEP_MONTH source=EEP-Q25 Q=25 T=60 progress=31
[04:41:48][effect_impl.cpp:22217]: [2202.8.3] Log effect, file: events/eep_probe_events.txt line: 76. EEP_DLC Nemesis=YES
[04:41:48][effect_impl.cpp:22217]: [2202.8.3] Log effect, file: events/eep_probe_events.txt line: 78. EEP_DLC Shroud=YES
[04:41:49][effect_impl.cpp:22217]: [2202.9.3] Log effect, file: events/eep_probe_events.txt line: 63. EEP_MONTH country=EEP 04 种族洁癖 C=0 G=0 D=2 made=0 worlds=0
[04:41:49][effect_impl.cpp:22217]: [2202.9.3] Log effect, file: events/eep_probe_events.txt line: 70. EEP_MONTH source=EEP-Q15 Q=15 T=36 progress=32
[04:41:49][effect_impl.cpp:22217]: [2202.9.3] Log effect, file: events/eep_probe_events.txt line: 72. EEP_MONTH operational=YES
[04:41:49][effect_impl.cpp:22217]: [2202.9.3] Log effect, file: events/eep_probe_events.txt line: 70. EEP_MONTH source=EEP-Q20 Q=20 T=48 progress=32
[04:41:49][effect_impl.cpp:22217]: [2202.9.3] Log effect, file: events/eep_probe_events.txt line: 70. EEP_MONTH source=EEP-Q25 Q=25 T=60 progress=32
[04:41:49][effect_impl.cpp:22217]: [2202.9.3] Log effect, file: events/eep_probe_events.txt line: 76. EEP_DLC Nemesis=YES
[04:41:49][effect_impl.cpp:22217]: [2202.9.3] Log effect, file: events/eep_probe_events.txt line: 78. EEP_DLC Shroud=YES
[04:41:49][effect_impl.cpp:22217]: [2202.10.3] Log effect, file: events/eep_probe_events.txt line: 63. EEP_MONTH country=EEP 04 种族洁癖 C=0 G=0 D=2 made=0 worlds=0
[04:41:49][effect_impl.cpp:22217]: [2202.10.3] Log effect, file: events/eep_probe_events.txt line: 70. EEP_MONTH source=EEP-Q15 Q=15 T=36 progress=33
[04:41:49][effect_impl.cpp:22217]: [2202.10.3] Log effect, file: events/eep_probe_events.txt line: 72. EEP_MONTH operational=YES
[04:41:49][effect_impl.cpp:22217]: [2202.10.3] Log effect, file: events/eep_probe_events.txt line: 70. EEP_MONTH source=EEP-Q20 Q=20 T=48 progress=33
[04:41:49][effect_impl.cpp:22217]: [2202.10.3] Log effect, file: events/eep_probe_events.txt line: 70. EEP_MONTH source=EEP-Q25 Q=25 T=60 progress=33
[04:41:49][effect_impl.cpp:22217]: [2202.10.3] Log effect, file: events/eep_probe_events.txt line: 76. EEP_DLC Nemesis=YES
[04:41:49][effect_impl.cpp:22217]: [2202.10.3] Log effect, file: events/eep_probe_events.txt line: 78. EEP_DLC Shroud=YES
[04:41:50][effect_impl.cpp:22217]: [2202.11.3] Log effect, file: events/eep_probe_events.txt line: 63. EEP_MONTH country=EEP 04 种族洁癖 C=0 G=0 D=2 made=0 worlds=0
[04:41:50][effect_impl.cpp:22217]: [2202.11.3] Log effect, file: events/eep_probe_events.txt line: 70. EEP_MONTH source=EEP-Q15 Q=15 T=36 progress=34
[04:41:50][effect_impl.cpp:22217]: [2202.11.3] Log effect, file: events/eep_probe_events.txt line: 72. EEP_MONTH operational=YES
[04:41:50][effect_impl.cpp:22217]: [2202.11.3] Log effect, file: events/eep_probe_events.txt line: 70. EEP_MONTH source=EEP-Q20 Q=20 T=48 progress=34
[04:41:50][effect_impl.cpp:22217]: [2202.11.3] Log effect, file: events/eep_probe_events.txt line: 70. EEP_MONTH source=EEP-Q25 Q=25 T=60 progress=34
[04:41:50][effect_impl.cpp:22217]: [2202.11.3] Log effect, file: events/eep_probe_events.txt line: 76. EEP_DLC Nemesis=YES
[04:41:50][effect_impl.cpp:22217]: [2202.11.3] Log effect, file: events/eep_probe_events.txt line: 78. EEP_DLC Shroud=YES
[04:41:50][effect_impl.cpp:22217]: [2202.12.3] Log effect, file: events/eep_probe_events.txt line: 63. EEP_MONTH country=EEP 04 种族洁癖 C=0 G=0 D=2 made=0 worlds=0
[04:41:50][effect_impl.cpp:22217]: [2202.12.3] Log effect, file: events/eep_probe_events.txt line: 70. EEP_MONTH source=EEP-Q15 Q=15 T=36 progress=35
[04:41:50][effect_impl.cpp:22217]: [2202.12.3] Log effect, file: events/eep_probe_events.txt line: 72. EEP_MONTH operational=YES
[04:41:50][effect_impl.cpp:22217]: [2202.12.3] Log effect, file: events/eep_probe_events.txt line: 70. EEP_MONTH source=EEP-Q20 Q=20 T=48 progress=35
[04:41:50][effect_impl.cpp:22217]: [2202.12.3] Log effect, file: events/eep_probe_events.txt line: 70. EEP_MONTH source=EEP-Q25 Q=25 T=60 progress=35
[04:41:50][effect_impl.cpp:22217]: [2202.12.3] Log effect, file: events/eep_probe_events.txt line: 76. EEP_DLC Nemesis=YES
[04:41:50][effect_impl.cpp:22217]: [2202.12.3] Log effect, file: events/eep_probe_events.txt line: 78. EEP_DLC Shroud=YES
[04:41:51][effect_impl.cpp:22217]: [2203.1.3] Log effect, file: events/eep_probe_events.txt line: 63. EEP_MONTH country=EEP 04 种族洁癖 C=15 G=15 D=5 made=200 worlds=1
[04:41:51][effect_impl.cpp:22217]: [2203.1.3] Log effect, file: events/eep_probe_events.txt line: 70. EEP_MONTH source=EEP-Q15 Q=15 T=36 progress=36
[04:41:51][effect_impl.cpp:22217]: [2203.1.3] Log effect, file: events/eep_probe_events.txt line: 73. EEP_MONTH operational=NO
[04:41:51][effect_impl.cpp:22217]: [2203.1.3] Log effect, file: events/eep_probe_events.txt line: 70. EEP_MONTH source=EEP-Q20 Q=20 T=48 progress=36
[04:41:51][effect_impl.cpp:22217]: [2203.1.3] Log effect, file: events/eep_probe_events.txt line: 72. EEP_MONTH operational=YES
[04:41:51][effect_impl.cpp:22217]: [2203.1.3] Log effect, file: events/eep_probe_events.txt line: 70. EEP_MONTH source=EEP-Q25 Q=25 T=60 progress=36
[04:41:51][effect_impl.cpp:22217]: [2203.1.3] Log effect, file: events/eep_probe_events.txt line: 76. EEP_DLC Nemesis=YES
[04:41:51][effect_impl.cpp:22217]: [2203.1.3] Log effect, file: events/eep_probe_events.txt line: 78. EEP_DLC Shroud=YES
[04:44:29][effect_impl.cpp:22217]: [2203.2.3] Log effect, file: events/eep_probe_events.txt line: 63. EEP_MONTH country=EEP 04 种族洁癖 C=15 G=15 D=5 made=200 worlds=1
[04:44:29][effect_impl.cpp:22217]: [2203.2.3] Log effect, file: events/eep_probe_events.txt line: 70. EEP_MONTH source=EEP-Q20 Q=20 T=48 progress=37
[04:44:29][effect_impl.cpp:22217]: [2203.2.3] Log effect, file: events/eep_probe_events.txt line: 72. EEP_MONTH operational=YES
[04:44:29][effect_impl.cpp:22217]: [2203.2.3] Log effect, file: events/eep_probe_events.txt line: 70. EEP_MONTH source=EEP-Q25 Q=25 T=60 progress=37
[04:44:29][effect_impl.cpp:22217]: [2203.2.3] Log effect, file: events/eep_probe_events.txt line: 76. EEP_DLC Nemesis=YES
[04:44:29][effect_impl.cpp:22217]: [2203.2.3] Log effect, file: events/eep_probe_events.txt line: 78. EEP_DLC Shroud=YES
[04:44:30][effect_impl.cpp:22217]: [2203.3.3] Log effect, file: events/eep_probe_events.txt line: 63. EEP_MONTH country=EEP 04 种族洁癖 C=15 G=15 D=5 made=200 worlds=1
[04:44:30][effect_impl.cpp:22217]: [2203.3.3] Log effect, file: events/eep_probe_events.txt line: 70. EEP_MONTH source=EEP-Q20 Q=20 T=48 progress=38
[04:44:30][effect_impl.cpp:22217]: [2203.3.3] Log effect, file: events/eep_probe_events.txt line: 72. EEP_MONTH operational=YES
[04:44:30][effect_impl.cpp:22217]: [2203.3.3] Log effect, file: events/eep_probe_events.txt line: 70. EEP_MONTH source=EEP-Q25 Q=25 T=60 progress=38
[04:44:30][effect_impl.cpp:22217]: [2203.3.3] Log effect, file: events/eep_probe_events.txt line: 76. EEP_DLC Nemesis=YES
[04:44:30][effect_impl.cpp:22217]: [2203.3.3] Log effect, file: events/eep_probe_events.txt line: 78. EEP_DLC Shroud=YES
[04:44:30][effect_impl.cpp:22217]: [2203.4.3] Log effect, file: events/eep_probe_events.txt line: 63. EEP_MONTH country=EEP 04 种族洁癖 C=15 G=15 D=5 made=200 worlds=1
[04:44:30][effect_impl.cpp:22217]: [2203.4.3] Log effect, file: events/eep_probe_events.txt line: 70. EEP_MONTH source=EEP-Q20 Q=20 T=48 progress=39
[04:44:30][effect_impl.cpp:22217]: [2203.4.3] Log effect, file: events/eep_probe_events.txt line: 72. EEP_MONTH operational=YES
[04:44:30][effect_impl.cpp:22217]: [2203.4.3] Log effect, file: events/eep_probe_events.txt line: 70. EEP_MONTH source=EEP-Q25 Q=25 T=60 progress=39
[04:44:30][effect_impl.cpp:22217]: [2203.4.3] Log effect, file: events/eep_probe_events.txt line: 76. EEP_DLC Nemesis=YES
[04:44:30][effect_impl.cpp:22217]: [2203.4.3] Log effect, file: events/eep_probe_events.txt line: 78. EEP_DLC Shroud=YES
[04:45:35][eventcommands.cpp:88]: Event eep.11 added info about event selection. selectedOption 0, human 1, playerEventId 9
[04:45:35][effect_impl.cpp:22217]: [2203.5.3] Log effect, file: events/eep_probe_events.txt line: 63. EEP_MONTH country=EEP 04 种族洁癖 C=15 G=15 D=5 made=200 worlds=1
[04:45:35][effect_impl.cpp:22217]: [2203.5.3] Log effect, file: events/eep_probe_events.txt line: 70. EEP_MONTH source=EEP-Q20 Q=20 T=48 progress=40
[04:45:35][effect_impl.cpp:22217]: [2203.5.3] Log effect, file: events/eep_probe_events.txt line: 72. EEP_MONTH operational=YES
[04:45:35][effect_impl.cpp:22217]: [2203.5.3] Log effect, file: events/eep_probe_events.txt line: 70. EEP_MONTH source=EEP-Q25 Q=25 T=60 progress=40
[04:45:35][effect_impl.cpp:22217]: [2203.5.3] Log effect, file: events/eep_probe_events.txt line: 76. EEP_DLC Nemesis=YES
[04:45:35][effect_impl.cpp:22217]: [2203.5.3] Log effect, file: events/eep_probe_events.txt line: 78. EEP_DLC Shroud=YES
[04:45:35][effect_impl.cpp:22217]: [2203.6.3] Log effect, file: events/eep_probe_events.txt line: 63. EEP_MONTH country=EEP 04 种族洁癖 C=15 G=15 D=5 made=200 worlds=1
[04:45:35][effect_impl.cpp:22217]: [2203.6.3] Log effect, file: events/eep_probe_events.txt line: 70. EEP_MONTH source=EEP-Q20 Q=20 T=48 progress=41
[04:45:35][effect_impl.cpp:22217]: [2203.6.3] Log effect, file: events/eep_probe_events.txt line: 72. EEP_MONTH operational=YES
[04:45:35][effect_impl.cpp:22217]: [2203.6.3] Log effect, file: events/eep_probe_events.txt line: 70. EEP_MONTH source=EEP-Q25 Q=25 T=60 progress=41
[04:45:35][effect_impl.cpp:22217]: [2203.6.3] Log effect, file: events/eep_probe_events.txt line: 76. EEP_DLC Nemesis=YES
[04:45:35][effect_impl.cpp:22217]: [2203.6.3] Log effect, file: events/eep_probe_events.txt line: 78. EEP_DLC Shroud=YES
[04:45:36][effect_impl.cpp:22217]: [2203.7.3] Log effect, file: events/eep_probe_events.txt line: 63. EEP_MONTH country=EEP 04 种族洁癖 C=15 G=15 D=5 made=200 worlds=1
[04:45:36][effect_impl.cpp:22217]: [2203.7.3] Log effect, file: events/eep_probe_events.txt line: 70. EEP_MONTH source=EEP-Q20 Q=20 T=48 progress=42
[04:45:36][effect_impl.cpp:22217]: [2203.7.3] Log effect, file: events/eep_probe_events.txt line: 72. EEP_MONTH operational=YES
[04:45:36][effect_impl.cpp:22217]: [2203.7.3] Log effect, file: events/eep_probe_events.txt line: 70. EEP_MONTH source=EEP-Q25 Q=25 T=60 progress=42
[04:45:36][effect_impl.cpp:22217]: [2203.7.3] Log effect, file: events/eep_probe_events.txt line: 76. EEP_DLC Nemesis=YES
[04:45:36][effect_impl.cpp:22217]: [2203.7.3] Log effect, file: events/eep_probe_events.txt line: 78. EEP_DLC Shroud=YES
[04:45:36][effect_impl.cpp:22217]: [2203.8.3] Log effect, file: events/eep_probe_events.txt line: 63. EEP_MONTH country=EEP 04 种族洁癖 C=15 G=15 D=5 made=200 worlds=1
[04:45:36][effect_impl.cpp:22217]: [2203.8.3] Log effect, file: events/eep_probe_events.txt line: 70. EEP_MONTH source=EEP-Q20 Q=20 T=48 progress=43
[04:45:36][effect_impl.cpp:22217]: [2203.8.3] Log effect, file: events/eep_probe_events.txt line: 72. EEP_MONTH operational=YES
[04:45:36][effect_impl.cpp:22217]: [2203.8.3] Log effect, file: events/eep_probe_events.txt line: 70. EEP_MONTH source=EEP-Q25 Q=25 T=60 progress=43
[04:45:36][effect_impl.cpp:22217]: [2203.8.3] Log effect, file: events/eep_probe_events.txt line: 76. EEP_DLC Nemesis=YES
[04:45:36][effect_impl.cpp:22217]: [2203.8.3] Log effect, file: events/eep_probe_events.txt line: 78. EEP_DLC Shroud=YES
[04:45:36][eventcommands.cpp:88]: Event first_contact.5075 added info about event selection. selectedOption 0, human -1, playerEventId 10
[04:45:37][effect_impl.cpp:22217]: [2203.9.3] Log effect, file: events/eep_probe_events.txt line: 63. EEP_MONTH country=EEP 04 种族洁癖 C=15 G=15 D=5 made=200 worlds=1
[04:45:37][effect_impl.cpp:22217]: [2203.9.3] Log effect, file: events/eep_probe_events.txt line: 70. EEP_MONTH source=EEP-Q20 Q=20 T=48 progress=44
[04:45:37][effect_impl.cpp:22217]: [2203.9.3] Log effect, file: events/eep_probe_events.txt line: 72. EEP_MONTH operational=YES
[04:45:37][effect_impl.cpp:22217]: [2203.9.3] Log effect, file: events/eep_probe_events.txt line: 70. EEP_MONTH source=EEP-Q25 Q=25 T=60 progress=44
[04:45:37][effect_impl.cpp:22217]: [2203.9.3] Log effect, file: events/eep_probe_events.txt line: 76. EEP_DLC Nemesis=YES
[04:45:37][effect_impl.cpp:22217]: [2203.9.3] Log effect, file: events/eep_probe_events.txt line: 78. EEP_DLC Shroud=YES
[04:45:37][effect_impl.cpp:22217]: [2203.10.3] Log effect, file: events/eep_probe_events.txt line: 63. EEP_MONTH country=EEP 04 种族洁癖 C=15 G=15 D=5 made=200 worlds=1
[04:45:37][effect_impl.cpp:22217]: [2203.10.3] Log effect, file: events/eep_probe_events.txt line: 70. EEP_MONTH source=EEP-Q20 Q=20 T=48 progress=45
[04:45:37][effect_impl.cpp:22217]: [2203.10.3] Log effect, file: events/eep_probe_events.txt line: 72. EEP_MONTH operational=YES
[04:45:37][effect_impl.cpp:22217]: [2203.10.3] Log effect, file: events/eep_probe_events.txt line: 70. EEP_MONTH source=EEP-Q25 Q=25 T=60 progress=45
[04:45:37][effect_impl.cpp:22217]: [2203.10.3] Log effect, file: events/eep_probe_events.txt line: 76. EEP_DLC Nemesis=YES
[04:45:37][effect_impl.cpp:22217]: [2203.10.3] Log effect, file: events/eep_probe_events.txt line: 78. EEP_DLC Shroud=YES
[04:45:37][effect_impl.cpp:22217]: [2203.11.3] Log effect, file: events/eep_probe_events.txt line: 63. EEP_MONTH country=EEP 04 种族洁癖 C=15 G=15 D=5 made=200 worlds=1
[04:45:37][effect_impl.cpp:22217]: [2203.11.3] Log effect, file: events/eep_probe_events.txt line: 70. EEP_MONTH source=EEP-Q20 Q=20 T=48 progress=46
[04:45:37][effect_impl.cpp:22217]: [2203.11.3] Log effect, file: events/eep_probe_events.txt line: 72. EEP_MONTH operational=YES
[04:45:37][effect_impl.cpp:22217]: [2203.11.3] Log effect, file: events/eep_probe_events.txt line: 70. EEP_MONTH source=EEP-Q25 Q=25 T=60 progress=46
[04:45:37][effect_impl.cpp:22217]: [2203.11.3] Log effect, file: events/eep_probe_events.txt line: 76. EEP_DLC Nemesis=YES
[04:45:37][effect_impl.cpp:22217]: [2203.11.3] Log effect, file: events/eep_probe_events.txt line: 78. EEP_DLC Shroud=YES
[04:45:37][effect_impl.cpp:22217]: [2203.12.3] Log effect, file: events/eep_probe_events.txt line: 63. EEP_MONTH country=EEP 04 种族洁癖 C=15 G=15 D=5 made=200 worlds=1
[04:45:37][effect_impl.cpp:22217]: [2203.12.3] Log effect, file: events/eep_probe_events.txt line: 70. EEP_MONTH source=EEP-Q20 Q=20 T=48 progress=47
[04:45:37][effect_impl.cpp:22217]: [2203.12.3] Log effect, file: events/eep_probe_events.txt line: 72. EEP_MONTH operational=YES
[04:45:37][effect_impl.cpp:22217]: [2203.12.3] Log effect, file: events/eep_probe_events.txt line: 70. EEP_MONTH source=EEP-Q25 Q=25 T=60 progress=47
[04:45:37][effect_impl.cpp:22217]: [2203.12.3] Log effect, file: events/eep_probe_events.txt line: 76. EEP_DLC Nemesis=YES
[04:45:37][effect_impl.cpp:22217]: [2203.12.3] Log effect, file: events/eep_probe_events.txt line: 78. EEP_DLC Shroud=YES
[04:45:37][eventcommands.cpp:88]: Event first_contact_critters.5 added info about event selection. selectedOption 3, human -1, playerEventId 11
[04:45:38][effect_impl.cpp:22217]: [2204.1.3] Log effect, file: events/eep_probe_events.txt line: 63. EEP_MONTH country=EEP 04 种族洁癖 C=35 G=35 D=10 made=500 worlds=2
[04:45:38][effect_impl.cpp:22217]: [2204.1.3] Log effect, file: events/eep_probe_events.txt line: 70. EEP_MONTH source=EEP-Q20 Q=20 T=48 progress=48
[04:45:38][effect_impl.cpp:22217]: [2204.1.3] Log effect, file: events/eep_probe_events.txt line: 73. EEP_MONTH operational=NO
[04:45:38][effect_impl.cpp:22217]: [2204.1.3] Log effect, file: events/eep_probe_events.txt line: 70. EEP_MONTH source=EEP-Q25 Q=25 T=60 progress=48
[04:45:38][effect_impl.cpp:22217]: [2204.1.3] Log effect, file: events/eep_probe_events.txt line: 72. EEP_MONTH operational=YES
[04:45:38][effect_impl.cpp:22217]: [2204.1.3] Log effect, file: events/eep_probe_events.txt line: 76. EEP_DLC Nemesis=YES
[04:45:38][effect_impl.cpp:22217]: [2204.1.3] Log effect, file: events/eep_probe_events.txt line: 78. EEP_DLC Shroud=YES
[04:47:12][effect_impl.cpp:22217]: [2204.2.3] Log effect, file: events/eep_probe_events.txt line: 63. EEP_MONTH country=EEP 04 种族洁癖 C=35 G=35 D=10 made=500 worlds=2
[04:47:12][effect_impl.cpp:22217]: [2204.2.3] Log effect, file: events/eep_probe_events.txt line: 70. EEP_MONTH source=EEP-Q25 Q=25 T=60 progress=49
[04:47:12][effect_impl.cpp:22217]: [2204.2.3] Log effect, file: events/eep_probe_events.txt line: 72. EEP_MONTH operational=YES
[04:47:12][effect_impl.cpp:22217]: [2204.2.3] Log effect, file: events/eep_probe_events.txt line: 76. EEP_DLC Nemesis=YES
[04:47:12][effect_impl.cpp:22217]: [2204.2.3] Log effect, file: events/eep_probe_events.txt line: 78. EEP_DLC Shroud=YES
[04:47:12][effect_impl.cpp:22217]: [2204.3.3] Log effect, file: events/eep_probe_events.txt line: 63. EEP_MONTH country=EEP 04 种族洁癖 C=35 G=35 D=10 made=500 worlds=2
[04:47:12][effect_impl.cpp:22217]: [2204.3.3] Log effect, file: events/eep_probe_events.txt line: 70. EEP_MONTH source=EEP-Q25 Q=25 T=60 progress=50
[04:47:12][effect_impl.cpp:22217]: [2204.3.3] Log effect, file: events/eep_probe_events.txt line: 72. EEP_MONTH operational=YES
[04:47:12][effect_impl.cpp:22217]: [2204.3.3] Log effect, file: events/eep_probe_events.txt line: 76. EEP_DLC Nemesis=YES
[04:47:12][effect_impl.cpp:22217]: [2204.3.3] Log effect, file: events/eep_probe_events.txt line: 78. EEP_DLC Shroud=YES
[04:47:13][effect_impl.cpp:22217]: [2204.4.3] Log effect, file: events/eep_probe_events.txt line: 63. EEP_MONTH country=EEP 04 种族洁癖 C=35 G=35 D=10 made=500 worlds=2
[04:47:13][effect_impl.cpp:22217]: [2204.4.3] Log effect, file: events/eep_probe_events.txt line: 70. EEP_MONTH source=EEP-Q25 Q=25 T=60 progress=51
[04:47:13][effect_impl.cpp:22217]: [2204.4.3] Log effect, file: events/eep_probe_events.txt line: 72. EEP_MONTH operational=YES
[04:47:13][effect_impl.cpp:22217]: [2204.4.3] Log effect, file: events/eep_probe_events.txt line: 76. EEP_DLC Nemesis=YES
[04:47:13][effect_impl.cpp:22217]: [2204.4.3] Log effect, file: events/eep_probe_events.txt line: 78. EEP_DLC Shroud=YES
[04:48:12][eventcommands.cpp:88]: Event eep.13 added info about event selection. selectedOption 0, human 1, playerEventId 12
[04:48:12][effect_impl.cpp:22217]: [2204.5.3] Log effect, file: events/eep_probe_events.txt line: 63. EEP_MONTH country=EEP 04 种族洁癖 C=35 G=35 D=10 made=500 worlds=2
[04:48:12][effect_impl.cpp:22217]: [2204.5.3] Log effect, file: events/eep_probe_events.txt line: 70. EEP_MONTH source=EEP-Q25 Q=25 T=60 progress=52
[04:48:12][effect_impl.cpp:22217]: [2204.5.3] Log effect, file: events/eep_probe_events.txt line: 72. EEP_MONTH operational=YES
[04:48:12][effect_impl.cpp:22217]: [2204.5.3] Log effect, file: events/eep_probe_events.txt line: 76. EEP_DLC Nemesis=YES
[04:48:12][effect_impl.cpp:22217]: [2204.5.3] Log effect, file: events/eep_probe_events.txt line: 78. EEP_DLC Shroud=YES
[04:48:13][effect_impl.cpp:22217]: [2204.6.3] Log effect, file: events/eep_probe_events.txt line: 63. EEP_MONTH country=EEP 04 种族洁癖 C=35 G=35 D=10 made=500 worlds=2
[04:48:13][effect_impl.cpp:22217]: [2204.6.3] Log effect, file: events/eep_probe_events.txt line: 70. EEP_MONTH source=EEP-Q25 Q=25 T=60 progress=53
[04:48:13][effect_impl.cpp:22217]: [2204.6.3] Log effect, file: events/eep_probe_events.txt line: 72. EEP_MONTH operational=YES
[04:48:13][effect_impl.cpp:22217]: [2204.6.3] Log effect, file: events/eep_probe_events.txt line: 76. EEP_DLC Nemesis=YES
[04:48:13][effect_impl.cpp:22217]: [2204.6.3] Log effect, file: events/eep_probe_events.txt line: 78. EEP_DLC Shroud=YES
[04:48:13][effect_impl.cpp:22217]: [2204.7.3] Log effect, file: events/eep_probe_events.txt line: 63. EEP_MONTH country=EEP 04 种族洁癖 C=35 G=35 D=10 made=500 worlds=2
[04:48:13][effect_impl.cpp:22217]: [2204.7.3] Log effect, file: events/eep_probe_events.txt line: 70. EEP_MONTH source=EEP-Q25 Q=25 T=60 progress=54
[04:48:13][effect_impl.cpp:22217]: [2204.7.3] Log effect, file: events/eep_probe_events.txt line: 72. EEP_MONTH operational=YES
[04:48:13][effect_impl.cpp:22217]: [2204.7.3] Log effect, file: events/eep_probe_events.txt line: 76. EEP_DLC Nemesis=YES
[04:48:13][effect_impl.cpp:22217]: [2204.7.3] Log effect, file: events/eep_probe_events.txt line: 78. EEP_DLC Shroud=YES
[04:48:14][effect_impl.cpp:22217]: [2204.8.3] Log effect, file: events/eep_probe_events.txt line: 63. EEP_MONTH country=EEP 04 种族洁癖 C=35 G=35 D=10 made=500 worlds=2
[04:48:14][effect_impl.cpp:22217]: [2204.8.3] Log effect, file: events/eep_probe_events.txt line: 70. EEP_MONTH source=EEP-Q25 Q=25 T=60 progress=55
[04:48:14][effect_impl.cpp:22217]: [2204.8.3] Log effect, file: events/eep_probe_events.txt line: 72. EEP_MONTH operational=YES
[04:48:14][effect_impl.cpp:22217]: [2204.8.3] Log effect, file: events/eep_probe_events.txt line: 76. EEP_DLC Nemesis=YES
[04:48:14][effect_impl.cpp:22217]: [2204.8.3] Log effect, file: events/eep_probe_events.txt line: 78. EEP_DLC Shroud=YES
[04:48:14][effect_impl.cpp:22217]: [2204.9.3] Log effect, file: events/eep_probe_events.txt line: 63. EEP_MONTH country=EEP 04 种族洁癖 C=35 G=35 D=10 made=500 worlds=2
[04:48:14][effect_impl.cpp:22217]: [2204.9.3] Log effect, file: events/eep_probe_events.txt line: 70. EEP_MONTH source=EEP-Q25 Q=25 T=60 progress=56
[04:48:14][effect_impl.cpp:22217]: [2204.9.3] Log effect, file: events/eep_probe_events.txt line: 72. EEP_MONTH operational=YES
[04:48:14][effect_impl.cpp:22217]: [2204.9.3] Log effect, file: events/eep_probe_events.txt line: 76. EEP_DLC Nemesis=YES
[04:48:14][effect_impl.cpp:22217]: [2204.9.3] Log effect, file: events/eep_probe_events.txt line: 78. EEP_DLC Shroud=YES
[04:48:14][effect_impl.cpp:22217]: [2204.10.3] Log effect, file: events/eep_probe_events.txt line: 63. EEP_MONTH country=EEP 04 种族洁癖 C=35 G=35 D=10 made=500 worlds=2
[04:48:14][effect_impl.cpp:22217]: [2204.10.3] Log effect, file: events/eep_probe_events.txt line: 70. EEP_MONTH source=EEP-Q25 Q=25 T=60 progress=57
[04:48:14][effect_impl.cpp:22217]: [2204.10.3] Log effect, file: events/eep_probe_events.txt line: 72. EEP_MONTH operational=YES
[04:48:14][effect_impl.cpp:22217]: [2204.10.3] Log effect, file: events/eep_probe_events.txt line: 76. EEP_DLC Nemesis=YES
[04:48:14][effect_impl.cpp:22217]: [2204.10.3] Log effect, file: events/eep_probe_events.txt line: 78. EEP_DLC Shroud=YES
[04:48:14][eventcommands.cpp:88]: Event origin.1205 added info about event selection. selectedOption 0, human -1, playerEventId 13
[04:48:15][effect_impl.cpp:22217]: [2204.11.3] Log effect, file: events/eep_probe_events.txt line: 63. EEP_MONTH country=EEP 04 种族洁癖 C=35 G=35 D=10 made=500 worlds=2
[04:48:15][effect_impl.cpp:22217]: [2204.11.3] Log effect, file: events/eep_probe_events.txt line: 70. EEP_MONTH source=EEP-Q25 Q=25 T=60 progress=58
[04:48:15][effect_impl.cpp:22217]: [2204.11.3] Log effect, file: events/eep_probe_events.txt line: 72. EEP_MONTH operational=YES
[04:48:15][effect_impl.cpp:22217]: [2204.11.3] Log effect, file: events/eep_probe_events.txt line: 76. EEP_DLC Nemesis=YES
[04:48:15][effect_impl.cpp:22217]: [2204.11.3] Log effect, file: events/eep_probe_events.txt line: 78. EEP_DLC Shroud=YES
[04:48:15][effect_impl.cpp:22217]: [2204.12.3] Log effect, file: events/eep_probe_events.txt line: 63. EEP_MONTH country=EEP 04 种族洁癖 C=35 G=35 D=10 made=500 worlds=2
[04:48:15][effect_impl.cpp:22217]: [2204.12.3] Log effect, file: events/eep_probe_events.txt line: 70. EEP_MONTH source=EEP-Q25 Q=25 T=60 progress=59
[04:48:15][effect_impl.cpp:22217]: [2204.12.3] Log effect, file: events/eep_probe_events.txt line: 72. EEP_MONTH operational=YES
[04:48:15][effect_impl.cpp:22217]: [2204.12.3] Log effect, file: events/eep_probe_events.txt line: 76. EEP_DLC Nemesis=YES
[04:48:15][effect_impl.cpp:22217]: [2204.12.3] Log effect, file: events/eep_probe_events.txt line: 78. EEP_DLC Shroud=YES
[04:48:15][effect_impl.cpp:22217]: [2205.1.3] Log effect, file: events/eep_probe_events.txt line: 63. EEP_MONTH country=EEP 04 种族洁癖 C=60 G=60 D=17 made=1000 worlds=3
[04:48:15][effect_impl.cpp:22217]: [2205.1.3] Log effect, file: events/eep_probe_events.txt line: 70. EEP_MONTH source=EEP-Q25 Q=25 T=60 progress=60
[04:48:15][effect_impl.cpp:22217]: [2205.1.3] Log effect, file: events/eep_probe_events.txt line: 73. EEP_MONTH operational=NO
[04:48:15][effect_impl.cpp:22217]: [2205.1.3] Log effect, file: events/eep_probe_events.txt line: 76. EEP_DLC Nemesis=YES
[04:48:15][effect_impl.cpp:22217]: [2205.1.3] Log effect, file: events/eep_probe_events.txt line: 78. EEP_DLC Shroud=YES
[04:51:02][eventcommands.cpp:88]: Event eep.100 added info about event selection. selectedOption 0, human 1, playerEventId 14
[04:52:26][effect_impl.cpp:22217]: [2205.2.3] Log effect, file: events/eep_probe_events.txt line: 63. EEP_MONTH country=EEP 04 种族洁癖 C=60 G=60 D=17 made=1000 worlds=3
[04:52:26][effect_impl.cpp:22217]: [2205.2.3] Log effect, file: events/eep_probe_events.txt line: 76. EEP_DLC Nemesis=YES
[04:52:26][effect_impl.cpp:22217]: [2205.2.3] Log effect, file: events/eep_probe_events.txt line: 78. EEP_DLC Shroud=YES
[04:52:36][effect_impl.cpp:22217]: [2205.3.3] Log effect, file: events/eep_probe_events.txt line: 63. EEP_MONTH country=EEP 04 种族洁癖 C=60 G=60 D=17 made=1000 worlds=3
[04:52:36][effect_impl.cpp:22217]: [2205.3.3] Log effect, file: events/eep_probe_events.txt line: 76. EEP_DLC Nemesis=YES
[04:52:36][effect_impl.cpp:22217]: [2205.3.3] Log effect, file: events/eep_probe_events.txt line: 78. EEP_DLC Shroud=YES
[04:52:46][effect_impl.cpp:22217]: [2205.4.3] Log effect, file: events/eep_probe_events.txt line: 63. EEP_MONTH country=EEP 04 种族洁癖 C=60 G=60 D=17 made=1000 worlds=3
[04:52:46][effect_impl.cpp:22217]: [2205.4.3] Log effect, file: events/eep_probe_events.txt line: 76. EEP_DLC Nemesis=YES
[04:52:46][effect_impl.cpp:22217]: [2205.4.3] Log effect, file: events/eep_probe_events.txt line: 78. EEP_DLC Shroud=YES
[04:52:55][effect_impl.cpp:22217]: [2205.5.3] Log effect, file: events/eep_probe_events.txt line: 63. EEP_MONTH country=EEP 04 种族洁癖 C=60 G=60 D=17 made=1000 worlds=3
[04:52:55][effect_impl.cpp:22217]: [2205.5.3] Log effect, file: events/eep_probe_events.txt line: 76. EEP_DLC Nemesis=YES
[04:52:55][effect_impl.cpp:22217]: [2205.5.3] Log effect, file: events/eep_probe_events.txt line: 78. EEP_DLC Shroud=YES
[04:53:05][effect_impl.cpp:22217]: [2205.6.3] Log effect, file: events/eep_probe_events.txt line: 63. EEP_MONTH country=EEP 04 种族洁癖 C=60 G=60 D=17 made=1000 worlds=3
[04:53:05][effect_impl.cpp:22217]: [2205.6.3] Log effect, file: events/eep_probe_events.txt line: 76. EEP_DLC Nemesis=YES
[04:53:05][effect_impl.cpp:22217]: [2205.6.3] Log effect, file: events/eep_probe_events.txt line: 78. EEP_DLC Shroud=YES
[04:53:15][effect_impl.cpp:22217]: [2205.7.3] Log effect, file: events/eep_probe_events.txt line: 63. EEP_MONTH country=EEP 04 种族洁癖 C=60 G=60 D=17 made=1000 worlds=3
[04:53:15][effect_impl.cpp:22217]: [2205.7.3] Log effect, file: events/eep_probe_events.txt line: 76. EEP_DLC Nemesis=YES
[04:53:15][effect_impl.cpp:22217]: [2205.7.3] Log effect, file: events/eep_probe_events.txt line: 78. EEP_DLC Shroud=YES
[04:53:25][effect_impl.cpp:22217]: [2205.8.3] Log effect, file: events/eep_probe_events.txt line: 63. EEP_MONTH country=EEP 04 种族洁癖 C=60 G=60 D=17 made=1000 worlds=3
[04:53:25][effect_impl.cpp:22217]: [2205.8.3] Log effect, file: events/eep_probe_events.txt line: 76. EEP_DLC Nemesis=YES
[04:53:25][effect_impl.cpp:22217]: [2205.8.3] Log effect, file: events/eep_probe_events.txt line: 78. EEP_DLC Shroud=YES
[04:53:34][effect_impl.cpp:22217]: [2205.9.3] Log effect, file: events/eep_probe_events.txt line: 63. EEP_MONTH country=EEP 04 种族洁癖 C=60 G=60 D=17 made=1000 worlds=3
[04:53:34][effect_impl.cpp:22217]: [2205.9.3] Log effect, file: events/eep_probe_events.txt line: 76. EEP_DLC Nemesis=YES
[04:53:34][effect_impl.cpp:22217]: [2205.9.3] Log effect, file: events/eep_probe_events.txt line: 78. EEP_DLC Shroud=YES
[04:53:44][effect_impl.cpp:22217]: [2205.10.3] Log effect, file: events/eep_probe_events.txt line: 63. EEP_MONTH country=EEP 04 种族洁癖 C=60 G=60 D=17 made=1000 worlds=3
[04:53:44][effect_impl.cpp:22217]: [2205.10.3] Log effect, file: events/eep_probe_events.txt line: 76. EEP_DLC Nemesis=YES
[04:53:44][effect_impl.cpp:22217]: [2205.10.3] Log effect, file: events/eep_probe_events.txt line: 78. EEP_DLC Shroud=YES
[04:53:54][effect_impl.cpp:22217]: [2205.11.3] Log effect, file: events/eep_probe_events.txt line: 63. EEP_MONTH country=EEP 04 种族洁癖 C=60 G=60 D=17 made=1000 worlds=3
[04:53:54][effect_impl.cpp:22217]: [2205.11.3] Log effect, file: events/eep_probe_events.txt line: 76. EEP_DLC Nemesis=YES
[04:53:54][effect_impl.cpp:22217]: [2205.11.3] Log effect, file: events/eep_probe_events.txt line: 78. EEP_DLC Shroud=YES
[04:57:00][effect_impl.cpp:22217]: [2200.1.1] Log effect, file:  line: 1. EEP_HUMAN_AI_IS_AI_NO
[04:58:28][eventcommands.cpp:88]: Event first_contact.1 added info about event selection. selectedOption 0, human -1, playerEventId 4
[04:58:31][eventcommands.cpp:88]: Event first_contact_critters.1 added info about event selection. selectedOption 0, human -1, playerEventId 5
[04:58:33][eventcommands.cpp:88]: Event first_contact_critters.1 added info about event selection. selectedOption 0, human -1, playerEventId 6
[04:58:34][eventcommands.cpp:88]: Event first_contact.5075 added info about event selection. selectedOption 0, human -1, playerEventId 8
[04:58:35][eventcommands.cpp:88]: Event first_contact.1 added info about event selection. selectedOption 0, human -1, playerEventId 9
[05:06:18][eventcommands.cpp:88]: Event origin.1205 added info about event selection. selectedOption 0, human -1, playerEventId 10
[05:06:19][eventcommands.cpp:88]: Event first_contact.5000 added info about event selection. selectedOption 0, human -1, playerEventId 11
[05:06:19][eventcommands.cpp:88]: Event first_contact_critters.5 added info about event selection. selectedOption 3, human -1, playerEventId 12
[05:06:19][eventcommands.cpp:88]: Event first_contact_critters.5 added info about event selection. selectedOption 0, human -1, playerEventId 13
[05:06:20][eventcommands.cpp:88]: Event first_contact_critters.1 added info about event selection. selectedOption 0, human -1, playerEventId 14
[05:07:51][eventcommands.cpp:88]: Event first_contact_critters.5 added info about event selection. selectedOption 0, human -1, playerEventId 15
[05:07:51][eventcommands.cpp:88]: Event origin.1210 added info about event selection. selectedOption 0, human -1, playerEventId 16
[05:07:55][eventcommands.cpp:88]: Event origin.1215 added info about event selection. selectedOption 0, human -1, playerEventId 17
[05:07:56][eventcommands.cpp:88]: Event first_contact.1 added info about event selection. selectedOption 0, human -1, playerEventId 18
[05:07:56][eventcommands.cpp:88]: Event first_contact.1 added info about event selection. selectedOption 0, human -1, playerEventId 19
[05:07:59][eventcommands.cpp:88]: Event grand_archive.2000 added info about event selection. selectedOption 0, human -1, playerEventId 20
[05:08:05][eventcommands.cpp:88]: Event first_contact.1 added info about event selection. selectedOption 0, human -1, playerEventId 21
[05:08:10][eventcommands.cpp:88]: Event first_contact_critters.80 added info about event selection. selectedOption 0, human -1, playerEventId 22
[05:08:10][eventcommands.cpp:88]: Event first_contact.1 added info about event selection. selectedOption 0, human -1, playerEventId 23
[05:08:11][eventcommands.cpp:88]: Event grand_archive.2005 added info about event selection. selectedOption 0, human -1, playerEventId 24
[05:08:11][eventcommands.cpp:88]: Event origin.1220 added info about event selection. selectedOption 0, human -1, playerEventId 25
[05:08:12][eventcommands.cpp:88]: Event first_contact_critters.70 added info about event selection. selectedOption 0, human -1, playerEventId 26
[05:10:45][eventcommands.cpp:88]: Event first_contact.1 added info about event selection. selectedOption 0, human -1, playerEventId 27
[05:10:47][eventcommands.cpp:88]: Event first_contact_critters.50 added info about event selection. selectedOption 0, human -1, playerEventId 28
[05:10:48][eventcommands.cpp:88]: Event first_contact_critters.1 added info about event selection. selectedOption 0, human -1, playerEventId 29
[05:10:48][eventcommands.cpp:88]: Event origin.1225 added info about event selection. selectedOption 0, human -1, playerEventId 30
[05:10:51][eventcommands.cpp:88]: Event first_contact_critters.85 added info about event selection. selectedOption 1, human -1, playerEventId 31
[05:10:53][eventcommands.cpp:88]: Event first_contact_critters.55 added info about event selection. selectedOption 0, human -1, playerEventId 32
[05:10:53][eventcommands.cpp:88]: Event origin.1230 added info about event selection. selectedOption 0, human -1, playerEventId 33
[05:10:56][eventcommands.cpp:88]: Event first_contact.1 added info about event selection. selectedOption 0, human -1, playerEventId 34
[05:10:59][eventcommands.cpp:88]: Event origin.1235 added info about event selection. selectedOption 0, human -1, playerEventId 35
[05:11:00][eventcommands.cpp:88]: Event first_contact.5050 added info about event selection. selectedOption 0, human -1, playerEventId 36
[05:11:02][eventcommands.cpp:88]: Event first_contact_critters.5 added info about event selection. selectedOption 3, human -1, playerEventId 37
[05:11:07][eventcommands.cpp:88]: Event extreme_frontiers.1500 added info about event selection. selectedOption 0, human -1, playerEventId 38
[05:11:08][eventcommands.cpp:88]: Event first_contact_critters.75 added info about event selection. selectedOption 1, human -1, playerEventId 39
[05:11:10][eventcommands.cpp:88]: Event first_contact_critters.20 added info about event selection. selectedOption 0, human -1, playerEventId 40
[05:11:10][eventcommands.cpp:88]: Event origin.1220 added info about event selection. selectedOption 0, human -1, playerEventId 41
[05:11:16][eventcommands.cpp:88]: Event origin.1225 added info about event selection. selectedOption 0, human -1, playerEventId 42
[05:11:17][eventcommands.cpp:88]: Event first_contact.1 added info about event selection. selectedOption 0, human -1, playerEventId 43
[05:11:21][eventcommands.cpp:88]: Event first_contact_critters.25 added info about event selection. selectedOption 3, human -1, playerEventId 44
[05:11:22][eventcommands.cpp:88]: Event first_contact.1 added info about event selection. selectedOption 0, human -1, playerEventId 45
[05:11:25][eventcommands.cpp:88]: Event extreme_frontiers.1505 added info about event selection. selectedOption 0, human -1, playerEventId 46
[05:11:26][eventcommands.cpp:88]: Event origin.1230 added info about event selection. selectedOption 0, human -1, playerEventId 47
[05:11:26][eventcommands.cpp:88]: Event grand_archive.2000 added info about event selection. selectedOption 0, human -1, playerEventId 48
[05:11:27][eventcommands.cpp:88]: Event grand_archive.2800 added info about event selection. selectedOption 0, human -1, playerEventId 49
[05:11:30][eventcommands.cpp:88]: Event grand_archive.2000 added info about event selection. selectedOption 0, human -1, playerEventId 50
[05:11:32][eventcommands.cpp:88]: Event origin.1235 added info about event selection. selectedOption 0, human -1, playerEventId 51
[05:11:36][eventcommands.cpp:88]: Event first_contact.1 added info about event selection. selectedOption 0, human -1, playerEventId 52
[05:11:36][eventcommands.cpp:88]: Event first_contact.1 added info about event selection. selectedOption 0, human -1, playerEventId 53
[05:11:38][eventcommands.cpp:88]: Event grand_archive.2901 added info about event selection. selectedOption 1, human -1, playerEventId 54
[05:11:40][eventcommands.cpp:88]: Event first_contact.1 added info about event selection. selectedOption 0, human -1, playerEventId 55
[05:13:18][eventcommands.cpp:88]: Event first_contact_critters.1 added info about event selection. selectedOption 0, human -1, playerEventId 56
[05:13:20][eventcommands.cpp:88]: Event first_contact.5075 added info about event selection. selectedOption 0, human -1, playerEventId 57
[05:13:24][eventcommands.cpp:88]: Event first_contact_critters.5 added info about event selection. selectedOption 3, human -1, playerEventId 58
[05:13:25][eventcommands.cpp:88]: Event origin.1240 added info about event selection. selectedOption 0, human -1, playerEventId 59
[05:13:26][eventcommands.cpp:88]: Event first_contact_critters.100 added info about event selection. selectedOption 0, human -1, playerEventId 60
[05:13:26][eventcommands.cpp:88]: Event first_contact_critters.40 added info about event selection. selectedOption 0, human -1, playerEventId 61
[05:13:30][eventcommands.cpp:88]: Event grand_archive.2005 added info about event selection. selectedOption 0, human -1, playerEventId 62
[05:13:35][eventcommands.cpp:88]: Event first_contact.1 added info about event selection. selectedOption 0, human -1, playerEventId 64
[05:13:35][eventcommands.cpp:88]: Event first_contact.1 added info about event selection. selectedOption 0, human -1, playerEventId 63
[05:13:37][eventcommands.cpp:88]: Event first_contact.1 added info about event selection. selectedOption 0, human -1, playerEventId 65
[05:13:39][eventcommands.cpp:88]: Event origin.1245 added info about event selection. selectedOption 0, human -1, playerEventId 66
[05:13:41][eventcommands.cpp:88]: Event first_contact_critters.10 added info about event selection. selectedOption 0, human -1, playerEventId 67
[05:13:41][eventcommands.cpp:88]: Event first_contact_critters.45 added info about event selection. selectedOption 0, human -1, playerEventId 68
[05:13:43][eventcommands.cpp:88]: Event first_contact_critters.105 added info about event selection. selectedOption 0, human -1, playerEventId 69
[05:13:43][eventcommands.cpp:88]: Event grand_archive.2005 added info about event selection. selectedOption 1, human -1, playerEventId 70
[05:13:44][eventcommands.cpp:88]: Event first_contact.5 added info about event selection. selectedOption 1, human -1, playerEventId 71
[05:13:46][eventcommands.cpp:88]: Event extreme_frontiers.1510 added info about event selection. selectedOption 0, human -1, playerEventId 72
[05:13:47][eventcommands.cpp:88]: Event first_contact.5 added info about event selection. selectedOption 1, human -1, playerEventId 73
[05:13:47][eventcommands.cpp:88]: Event first_contact.1 added info about event selection. selectedOption 0, human -1, playerEventId 74
[05:13:47][eventcommands.cpp:88]: Event first_contact.1 added info about event selection. selectedOption 0, human -1, playerEventId 75
[05:13:51][eventcommands.cpp:88]: Event first_contact_critters.15 added info about event selection. selectedOption 1, human -1, playerEventId 76
[05:13:53][effect_impl.cpp:22217]: [2225.1.1] Log effect, file: events/caravaneer_events.txt line: 2153. fleet 2 <3 countries found, tag 1
[05:13:53][effect_impl.cpp:22217]: [2225.1.1] Log effect, file: events/caravaneer_events.txt line: 2163. 1 fleet2_capital_destination set
[05:13:54][eventcommands.cpp:88]: Event first_contact_critters.40 added info about event selection. selectedOption 0, human -1, playerEventId 77
[05:13:55][eventcommands.cpp:88]: Event first_contact.5040 added info about event selection. selectedOption 0, human -1, playerEventId 78
[05:13:55][eventcommands.cpp:88]: Event first_contact.1 added info about event selection. selectedOption 0, human -1, playerEventId 79
[05:13:59][eventcommands.cpp:88]: Event first_contact.60 added info about event selection. selectedOption 0, human -1, playerEventId 80
[05:14:04][eventcommands.cpp:88]: Event first_contact.1 added info about event selection. selectedOption 0, human -1, playerEventId 81
[05:14:04][eventcommands.cpp:88]: Event strange_worlds.2000 added info about event selection. selectedOption 0, human -1, playerEventId 82
[05:14:05][eventcommands.cpp:88]: Event first_contact.430 added info about event selection. selectedOption 0, human -1, playerEventId 83
[05:14:05][eventcommands.cpp:88]: Event first_contact_critters.70 added info about event selection. selectedOption 0, human -1, playerEventId 84
[05:14:06][eventcommands.cpp:88]: Event first_contact.100 added info about event selection. selectedOption 0, human -1, playerEventId 85
[05:14:07][eventcommands.cpp:88]: Event first_contact.1 added info about event selection. selectedOption 0, human -1, playerEventId 86
[05:14:08][eventcommands.cpp:88]: Event first_contact.1 added info about event selection. selectedOption 0, human -1, playerEventId 87
[05:14:11][eventcommands.cpp:88]: Event origin.1240 added info about event selection. selectedOption 0, human -1, playerEventId 88
[05:14:11][eventcommands.cpp:88]: Event first_contact.1 added info about event selection. selectedOption 0, human -1, playerEventId 89
[05:14:12][effect_impl.cpp:22217]: [2227.5.23] Log effect, common/scripted_effects/caravaneer_scripted_effects.txt:1875 @ scripted effect fleet2_continue_journey at. triggered fleet2_continue_journey
[05:14:12][effect_impl.cpp:22217]: [2227.5.23] Log effect, common/scripted_effects/caravaneer_scripted_effects.txt:1878 @ scripted effect fleet2_continue_journey at. fleet 2 untagged planet
[05:14:12][effect_impl.cpp:22217]: [2227.5.23] Log effect, common/scripted_effects/caravaneer_scripted_effects.txt:1903 @ scripted effect fleet2_continue_journey at. fleet 2 returning home
[05:14:13][eventcommands.cpp:88]: Event first_contact_critters.20 added info about event selection. selectedOption 0, human -1, playerEventId 90
[05:14:13][eventcommands.cpp:88]: Event first_contact_critters.45 added info about event selection. selectedOption 0, human -1, playerEventId 91
[05:14:14][eventcommands.cpp:88]: Event strange_worlds.2005 added info about event selection. selectedOption 0, human -1, playerEventId 92
[05:14:15][eventcommands.cpp:88]: Event first_contact.1 added info about event selection. selectedOption 0, human -1, playerEventId 93
[05:14:15][eventcommands.cpp:88]: Event first_contact.1 added info about event selection. selectedOption 0, human -1, playerEventId 94
[05:14:18][eventcommands.cpp:88]: Event origin.1245 added info about event selection. selectedOption 0, human -1, playerEventId 95
[05:14:18][eventcommands.cpp:88]: Event first_contact_critters.10 added info about event selection. selectedOption 0, human -1, playerEventId 96
[05:14:20][eventcommands.cpp:88]: Event first_contact_critters.1 added info about event selection. selectedOption 0, human -1, playerEventId 97
[05:14:21][eventcommands.cpp:88]: Event first_contact_critters.1 added info about event selection. selectedOption 0, human -1, playerEventId 98
[05:14:22][eventcommands.cpp:88]: Event first_contact_critters.25 added info about event selection. selectedOption 0, human -1, playerEventId 99
[05:14:23][eventcommands.cpp:88]: Event first_contact_critters.70 added info about event selection. selectedOption 0, human -1, playerEventId 100
[05:14:23][eventcommands.cpp:88]: Event first_contact.1 added info about event selection. selectedOption 0, human -1, playerEventId 102
[05:14:23][eventcommands.cpp:88]: Event first_contact.1 added info about event selection. selectedOption 0, human -1, playerEventId 101
[05:14:24][effect_impl.cpp:22217]: [2228.12.17] Log effect, file: events/distant_stars_events_2.txt line: 3964. limit passed
[05:14:25][eventcommands.cpp:88]: Event first_contact.1 added info about event selection. selectedOption 0, human -1, playerEventId 105
[05:14:25][eventcommands.cpp:88]: Event first_contact.1 added info about event selection. selectedOption 0, human -1, playerEventId 106
[05:14:25][eventcommands.cpp:88]: Event first_contact.1 added info about event selection. selectedOption 0, human -1, playerEventId 107
[05:14:25][eventcommands.cpp:88]: Event first_contact.1 added info about event selection. selectedOption 0, human -1, playerEventId 108
[05:14:25][eventcommands.cpp:88]: Event first_contact.1 added info about event selection. selectedOption 0, human -1, playerEventId 109
[05:14:25][eventcommands.cpp:88]: Event first_contact.1 added info about event selection. selectedOption 0, human -1, playerEventId 110
[05:14:25][eventcommands.cpp:88]: Event first_contact.1 added info about event selection. selectedOption 0, human -1, playerEventId 111
[05:14:25][eventcommands.cpp:88]: Event first_contact.1 added info about event selection. selectedOption 0, human -1, playerEventId 112
[05:14:25][eventcommands.cpp:88]: Event first_contact.1 added info about event selection. selectedOption 0, human -1, playerEventId 113
[05:14:25][eventcommands.cpp:88]: Event first_contact.1 added info about event selection. selectedOption 0, human -1, playerEventId 114
[05:14:25][eventcommands.cpp:88]: Event first_contact.1 added info about event selection. selectedOption 0, human -1, playerEventId 115
[05:14:25][eventcommands.cpp:88]: Event first_contact.1 added info about event selection. selectedOption 0, human -1, playerEventId 116
[05:14:25][eventcommands.cpp:88]: Event first_contact.1 added info about event selection. selectedOption 0, human -1, playerEventId 117
[05:14:25][eventcommands.cpp:88]: Event first_contact.1 added info about event selection. selectedOption 0, human -1, playerEventId 118
[05:14:25][eventcommands.cpp:88]: Event grand_archive.2800 added info about event selection. selectedOption 0, human -1, playerEventId 119
[05:14:27][eventcommands.cpp:88]: Event first_contact_critters.5 added info about event selection. selectedOption 3, human -1, playerEventId 120
[05:14:28][eventcommands.cpp:88]: Event strange_worlds.2010 added info about event selection. selectedOption 0, human -1, playerEventId 121
[05:14:28][eventcommands.cpp:88]: Event first_contact_critters.15 added info about event selection. selectedOption 1, human -1, playerEventId 122
[05:14:30][eventcommands.cpp:88]: Event first_contact.15 added info about event selection. selectedOption 1, human -1, playerEventId 123
[05:14:32][eventcommands.cpp:88]: Event first_contact.5055 added info about event selection. selectedOption 0, human -1, playerEventId 124
[05:14:34][eventcommands.cpp:88]: Event first_contact_critters.5 added info about event selection. selectedOption 3, human -1, playerEventId 125
[05:14:40][eventcommands.cpp:88]: Event strange_worlds.2015 added info about event selection. selectedOption 0, human -1, playerEventId 127
[05:14:41][eventcommands.cpp:88]: Event first_contact.15 added info about event selection. selectedOption 0, human -1, playerEventId 128
[05:14:44][eventcommands.cpp:88]: Event origin.1240 added info about event selection. selectedOption 0, human -1, playerEventId 130
[05:14:46][eventcommands.cpp:88]: Event first_contact.320 added info about event selection. selectedOption 1, human -1, playerEventId 132
[05:14:46][eventcommands.cpp:88]: Event first_contact.380 added info about event selection. selectedOption 0, human -1, playerEventId 133
[05:14:48][eventcommands.cpp:88]: Event origin.1245 added info about event selection. selectedOption 0, human -1, playerEventId 134
[05:14:48][eventcommands.cpp:88]: Event first_contact_critters.80 added info about event selection. selectedOption 0, human -1, playerEventId 135
[05:14:48][eventcommands.cpp:88]: Event first_contact.1 added info about event selection. selectedOption 0, human -1, playerEventId 137
[05:14:48][eventcommands.cpp:88]: Event first_contact.1 added info about event selection. selectedOption 0, human -1, playerEventId 136
[05:14:55][eventcommands.cpp:88]: Event first_contact.290 added info about event selection. selectedOption 0, human -1, playerEventId 138
[05:14:57][eventcommands.cpp:88]: Event first_contact_critters.1 added info about event selection. selectedOption 0, human -1, playerEventId 139
[05:14:57][eventcommands.cpp:88]: Event first_contact_critters.1 added info about event selection. selectedOption 0, human -1, playerEventId 140
[05:15:03][eventcommands.cpp:88]: Event first_contact.5 added info about event selection. selectedOption 1, human -1, playerEventId 142
[05:15:03][eventcommands.cpp:88]: Event first_contact_critters.10 added info about event selection. selectedOption 0, human -1, playerEventId 143
[05:15:05][eventcommands.cpp:88]: Event first_contact.5 added info about event selection. selectedOption 0, human -1, playerEventId 144
[05:15:15][eventcommands.cpp:88]: Event first_contact.280 added info about event selection. selectedOption 0, human -1, playerEventId 146
[05:15:22][eventcommands.cpp:88]: Event first_contact.365 added info about event selection. selectedOption 1, human -1, playerEventId 147
[05:15:24][eventcommands.cpp:88]: Event origin.1240 added info about event selection. selectedOption 0, human -1, playerEventId 148
[05:15:24][eventcommands.cpp:88]: Event first_contact.100 added info about event selection. selectedOption 0, human -1, playerEventId 149
[05:15:24][eventcommands.cpp:88]: Event first_contact.1 added info about event selection. selectedOption 0, human -1, playerEventId 150
[05:15:27][eventcommands.cpp:88]: Event first_contact.1 added info about event selection. selectedOption 0, human -1, playerEventId 152
[05:15:28][eventcommands.cpp:88]: Event first_contact.1 added info about event selection. selectedOption 0, human -1, playerEventId 151
[05:15:29][eventcommands.cpp:88]: Event first_contact_critters.85 added info about event selection. selectedOption 1, human -1, playerEventId 153
[05:15:33][eventcommands.cpp:88]: Event first_contact.5050 added info about event selection. selectedOption 0, human -1, playerEventId 154
[05:15:35][eventcommands.cpp:88]: Event first_contact_critters.5 added info about event selection. selectedOption 0, human -1, playerEventId 156
[05:15:36][eventcommands.cpp:88]: Event grand_archive.2000 added info about event selection. selectedOption 0, human -1, playerEventId 157
[05:15:36][eventcommands.cpp:88]: Event first_contact.5 added info about event selection. selectedOption 1, human -1, playerEventId 158
[05:15:40][eventcommands.cpp:88]: Event first_contact.5 added info about event selection. selectedOption 1, human -1, playerEventId 159
[05:15:44][eventcommands.cpp:88]: Event operation.7000 added info about event selection. selectedOption 17, human -1, playerEventId 160
[05:15:45][eventcommands.cpp:88]: Event first_contact.5025 added info about event selection. selectedOption 0, human -1, playerEventId 161
[05:15:45][eventcommands.cpp:88]: Event origin.1245 added info about event selection. selectedOption 0, human -1, playerEventId 162
[05:15:46][eventcommands.cpp:88]: Event grand_archive.2005 added info about event selection. selectedOption 1, human -1, playerEventId 163
[05:15:48][eventcommands.cpp:88]: Event first_contact_critters.5 added info about event selection. selectedOption 0, human -1, playerEventId 164
[05:15:49][eventcommands.cpp:88]: Event first_contact.1 added info about event selection. selectedOption 0, human -1, playerEventId 165
[05:15:49][eventcommands.cpp:88]: Event first_contact_critters.15 added info about event selection. selectedOption 3, human -1, playerEventId 166
[05:15:50][eventcommands.cpp:88]: Event first_contact.50 added info about event selection. selectedOption 2, human -1, playerEventId 167
[05:15:51][eventcommands.cpp:88]: Event grand_archive.2000 added info about event selection. selectedOption 0, human -1, playerEventId 168
[05:15:52][eventcommands.cpp:88]: Event operation.7000 added info about event selection. selectedOption 15, human -1, playerEventId 169
[05:15:54][eventcommands.cpp:88]: Event first_contact_critters.1 added info about event selection. selectedOption 0, human -1, playerEventId 170
[05:15:58][eventcommands.cpp:88]: Event first_contact.50 added info about event selection. selectedOption 2, human -1, playerEventId 171
[05:16:00][eventcommands.cpp:88]: Event first_contact.215 added info about event selection. selectedOption 0, human -1, playerEventId 172
[05:16:01][eventcommands.cpp:88]: Event first_contact_critters.1 added info about event selection. selectedOption 0, human -1, playerEventId 173
[05:16:02][eventcommands.cpp:88]: Event first_contact_critters.1 added info about event selection. selectedOption 0, human -1, playerEventId 174
[05:16:10][eventcommands.cpp:88]: Event first_contact_critters.5 added info about event selection. selectedOption 3, human -1, playerEventId 176
[05:16:11][effect_impl.cpp:22217]: [2239.10.18] Log effect, file: events/caravaneer_events.txt line: 2134. fleet 2 >=6 countries found, tag 2
[05:16:11][effect_impl.cpp:22217]: [2239.10.18] Log effect, file: events/caravaneer_events.txt line: 2146. 1 fleet2_capital_destination set
[05:16:12][eventcommands.cpp:88]: Event grand_archive.2005 added info about event selection. selectedOption 0, human -1, playerEventId 177
[05:16:14][effect_impl.cpp:22217]: [2240.1.1] Log effect, file: events/caravaneer_events.txt line: 2973. fleet 3 >=6 countries found, tag 2
[05:16:14][effect_impl.cpp:22217]: [2240.1.1] Log effect, file: events/caravaneer_events.txt line: 2985. 1 fleet3_capital_destination set
[05:18:26][eventcommands.cpp:88]: Event first_contact.1 added info about event selection. selectedOption 0, human -1, playerEventId 179
[05:18:27][eventcommands.cpp:88]: Event first_contact_critters.5 added info about event selection. selectedOption 0, human -1, playerEventId 180
[05:18:29][effect_impl.cpp:22217]: [2240.4.30] Log effect, common/scripted_effects/caravaneer_scripted_effects.txt:1875 @ scripted effect fleet2_continue_journey at. triggered fleet2_continue_journey
[05:18:29][effect_impl.cpp:22217]: [2240.4.30] Log effect, common/scripted_effects/caravaneer_scripted_effects.txt:1878 @ scripted effect fleet2_continue_journey at. fleet 2 untagged planet
[05:18:29][effect_impl.cpp:22217]: [2240.5.1] Log effect, file: events/caravaneer_events.txt line: 2815. fleet 2 set next destination
[05:18:29][effect_impl.cpp:22217]: [2240.5.1] Log effect, file: events/caravaneer_events.txt line: 2824. fleet 2 engaged auto_move
[05:18:30][eventcommands.cpp:88]: Event first_contact_critters.50 added info about event selection. selectedOption 0, human -1, playerEventId 181
[05:18:30][eventcommands.cpp:88]: Event first_contact_critters.5 added info about event selection. selectedOption 0, human -1, playerEventId 182
[05:18:31][eventcommands.cpp:88]: Event first_contact.100 added info about event selection. selectedOption 0, human -1, playerEventId 183
[05:18:32][eventcommands.cpp:88]: Event first_contact_critters.70 added info about event selection. selectedOption 0, human -1, playerEventId 184
[05:18:36][eventcommands.cpp:88]: Event first_contact_critters.70 added info about event selection. selectedOption 0, human -1, playerEventId 185
[05:18:40][eventcommands.cpp:88]: Event first_contact.5075 added info about event selection. selectedOption 0, human -1, playerEventId 186
[05:18:43][eventcommands.cpp:88]: Event first_contact.1 added info about event selection. selectedOption 0, human -1, playerEventId 188
[05:18:43][eventcommands.cpp:88]: Event first_contact_critters.75 added info about event selection. selectedOption 0, human -1, playerEventId 189
[05:18:46][eventcommands.cpp:88]: Event first_contact_critters.1 added info about event selection. selectedOption 0, human -1, playerEventId 190
[05:18:48][eventcommands.cpp:88]: Event first_contact_critters.55 added info about event selection. selectedOption 0, human -1, playerEventId 191
[05:18:49][eventcommands.cpp:88]: Event first_contact.1 added info about event selection. selectedOption 0, human -1, playerEventId 192
[05:18:49][eventcommands.cpp:88]: Event first_contact_critters.5 added info about event selection. selectedOption 0, human -1, playerEventId 193
[05:18:49][eventcommands.cpp:88]: Event first_contact_critters.75 added info about event selection. selectedOption 1, human -1, playerEventId 194
[05:18:54][effect_impl.cpp:22217]: [2242.5.25] Log effect, common/scripted_effects/caravaneer_scripted_effects.txt:1928 @ scripted effect fleet3_continue_journey at. triggered fleet3_continue_journey
[05:18:54][effect_impl.cpp:22217]: [2242.5.25] Log effect, common/scripted_effects/caravaneer_scripted_effects.txt:1931 @ scripted effect fleet3_continue_journey at. fleet 3 untagged planet
[05:18:54][effect_impl.cpp:22217]: [2242.5.26] Log effect, file: events/caravaneer_events.txt line: 3696. fleet 3 set next destination
[05:18:54][effect_impl.cpp:22217]: [2242.5.26] Log effect, file: events/caravaneer_events.txt line: 3705. fleet 3 engaged auto_move
[05:18:55][eventcommands.cpp:88]: Event first_contact_critters.70 added info about event selection. selectedOption 0, human -1, playerEventId 196
[05:18:59][eventcommands.cpp:88]: Event first_contact_critters.1 added info about event selection. selectedOption 0, human -1, playerEventId 197
[05:19:00][eventcommands.cpp:88]: Event first_contact_critters.70 added info about event selection. selectedOption 0, human -1, playerEventId 198
[05:19:03][eventcommands.cpp:88]: Event first_contact.1 added info about event selection. selectedOption 0, human -1, playerEventId 200
[05:19:07][eventcommands.cpp:88]: Event first_contact_critters.20 added info about event selection. selectedOption 0, human -1, playerEventId 201
[05:19:11][effect_impl.cpp:22217]: [2243.11.17] Log effect, common/scripted_effects/caravaneer_scripted_effects.txt:1875 @ scripted effect fleet2_continue_journey at. triggered fleet2_continue_journey
[05:19:11][effect_impl.cpp:22217]: [2243.11.17] Log effect, common/scripted_effects/caravaneer_scripted_effects.txt:1878 @ scripted effect fleet2_continue_journey at. fleet 2 untagged planet
[05:19:11][effect_impl.cpp:22217]: [2243.11.17] Log effect, common/scripted_effects/caravaneer_scripted_effects.txt:1903 @ scripted effect fleet2_continue_journey at. fleet 2 returning home
[05:19:11][effect_impl.cpp:22217]: [2243.12.7] Log effect, common/scripted_effects/caravaneer_scripted_effects.txt:1928 @ scripted effect fleet3_continue_journey at. triggered fleet3_continue_journey
[05:19:11][effect_impl.cpp:22217]: [2243.12.7] Log effect, common/scripted_effects/caravaneer_scripted_effects.txt:1931 @ scripted effect fleet3_continue_journey at. fleet 3 untagged planet
[05:19:11][effect_impl.cpp:22217]: [2243.12.7] Log effect, common/scripted_effects/caravaneer_scripted_effects.txt:1956 @ scripted effect fleet3_continue_journey at. fleet 3 returning home
[05:19:12][eventcommands.cpp:88]: Event first_contact_critters.40 added info about event selection. selectedOption 0, human -1, playerEventId 204
[05:19:15][eventcommands.cpp:88]: Event first_contact_critters.40 added info about event selection. selectedOption 0, human -1, playerEventId 205
[05:19:23][eventcommands.cpp:88]: Event first_contact_critters.25 added info about event selection. selectedOption 1, human -1, playerEventId 206
[05:19:27][eventcommands.cpp:88]: Event first_contact_critters.5 added info about event selection. selectedOption 0, human -1, playerEventId 207
[05:19:27][eventcommands.cpp:88]: Event first_contact_critters.45 added info about event selection. selectedOption 0, human -1, playerEventId 208
[05:19:32][eventcommands.cpp:88]: Event first_contact_critters.100 added info about event selection. selectedOption 0, human -1, playerEventId 209
[05:19:39][eventcommands.cpp:88]: Event first_contact_critters.45 added info about event selection. selectedOption 0, human -1, playerEventId 210
[05:19:40][eventcommands.cpp:88]: Event grand_archive.2901 added info about event selection. selectedOption 1, human -1, playerEventId 211
[05:19:42][eventcommands.cpp:88]: Event first_contact_critters.105 added info about event selection. selectedOption 0, human -1, playerEventId 212
[05:19:47][eventcommands.cpp:88]: Event extreme_frontiers.1200 added info about event selection. selectedOption 0, human -1, playerEventId 213
[05:19:48][eventcommands.cpp:88]: Event first_contact.1 added info about event selection. selectedOption 0, human -1, playerEventId 214
[05:19:51][eventcommands.cpp:88]: Event first_contact.1 added info about event selection. selectedOption 0, human -1, playerEventId 216
[05:19:56][eventcommands.cpp:88]: Event first_contact_critters.1 added info about event selection. selectedOption 0, human -1, playerEventId 217
[05:19:56][eventcommands.cpp:88]: Event first_contact_critters.1 added info about event selection. selectedOption 0, human -1, playerEventId 218
[05:20:07][eventcommands.cpp:88]: Event first_contact_critters.5 added info about event selection. selectedOption 0, human -1, playerEventId 219
[05:20:08][eventcommands.cpp:88]: Event first_contact.1 added info about event selection. selectedOption 0, human -1, playerEventId 220
[05:20:10][eventcommands.cpp:88]: Event first_contact_critters.5 added info about event selection. selectedOption 3, human -1, playerEventId 221
[05:20:13][eventcommands.cpp:88]: Event first_contact.1 added info about event selection. selectedOption 0, human -1, playerEventId 222
[05:20:16][eventcommands.cpp:88]: Event first_contact.1 added info about event selection. selectedOption 0, human -1, playerEventId 223
[05:20:16][eventcommands.cpp:88]: Event first_contact_critters.1 added info about event selection. selectedOption 0, human -1, playerEventId 224
[05:20:17][eventcommands.cpp:88]: Event ancrel.9190 added info about event selection. selectedOption 0, human -1, playerEventId 225
[05:20:17][eventcommands.cpp:88]: Event first_contact_critters.1 added info about event selection. selectedOption 0, human -1, playerEventId 226
[05:20:22][eventcommands.cpp:88]: Event first_contact_critters.1 added info about event selection. selectedOption 0, human -1, playerEventId 227
[05:20:22][eventcommands.cpp:88]: Event extreme_frontiers.1205 added info about event selection. selectedOption 0, human -1, playerEventId 228
[05:20:27][eventcommands.cpp:88]: Event first_contact_critters.5 added info about event selection. selectedOption 0, human -1, playerEventId 229
[05:20:31][eventcommands.cpp:88]: Event first_contact_critters.5 added info about event selection. selectedOption 3, human -1, playerEventId 230
[05:20:35][eventcommands.cpp:88]: Event first_contact.1 added info about event selection. selectedOption 0, human -1, playerEventId 231
[05:20:37][eventcommands.cpp:88]: Event first_contact_critters.5 added info about event selection. selectedOption 3, human -1, playerEventId 232
[05:20:40][eventcommands.cpp:88]: Event first_contact.1 added info about event selection. selectedOption 0, human -1, playerEventId 234
[05:20:40][eventcommands.cpp:88]: Event first_contact.1 added info about event selection. selectedOption 0, human -1, playerEventId 235
[05:20:43][eventcommands.cpp:88]: Event first_contact.1 added info about event selection. selectedOption 0, human -1, playerEventId 236
[05:20:48][eventcommands.cpp:88]: Event first_contact_critters.50 added info about event selection. selectedOption 0, human -1, playerEventId 237
[05:20:51][eventcommands.cpp:88]: Event first_contact_critters.1 added info about event selection. selectedOption 0, human -1, playerEventId 238
[05:20:53][eventcommands.cpp:88]: Event ancrel.4006 added info about event selection. selectedOption 0, human -1, playerEventId 239
[05:20:53][eventcommands.cpp:88]: Event first_contact.5000 added info about event selection. selectedOption 0, human -1, playerEventId 240
[05:20:54][eventcommands.cpp:88]: Event first_contact_critters.10 added info about event selection. selectedOption 0, human -1, playerEventId 241
[05:20:55][eventcommands.cpp:88]: Event first_contact_critters.55 added info about event selection. selectedOption 0, human -1, playerEventId 242
[05:20:57][eventcommands.cpp:88]: Event first_contact_critters.1 added info about event selection. selectedOption 0, human -1, playerEventId 243
[05:20:57][eventcommands.cpp:88]: Event first_contact.1 added info about event selection. selectedOption 0, human -1, playerEventId 244
[05:21:04][eventcommands.cpp:88]: Event first_contact_critters.1 added info about event selection. selectedOption 0, human -1, playerEventId 245
[05:21:04][eventcommands.cpp:88]: Event ancrel.9195 added info about event selection. selectedOption 0, human -1, playerEventId 246
[05:21:05][eventcommands.cpp:88]: Event first_contact_critters.5 added info about event selection. selectedOption 3, human -1, playerEventId 247
[05:21:07][eventcommands.cpp:88]: Event extreme_frontiers.1210 added info about event selection. selectedOption 0, human -1, playerEventId 248
[05:21:08][eventcommands.cpp:88]: Event fedev.9430 added info about event selection. selectedOption 0, human -1, playerEventId 249
[05:21:08][eventcommands.cpp:88]: Event first_contact_critters.5 added info about event selection. selectedOption 3, human -1, playerEventId 250
[05:21:09][eventcommands.cpp:88]: Event first_contact_critters.15 added info about event selection. selectedOption 0, human -1, playerEventId 252
[05:21:14][eventcommands.cpp:88]: Event grand_archive.2800 added info about event selection. selectedOption 0, human -1, playerEventId 253
[05:21:17][eventcommands.cpp:88]: Event first_contact_critters.5 added info about event selection. selectedOption 3, human -1, playerEventId 254
[05:21:19][eventcommands.cpp:88]: Event operation.1000 added info about event selection. selectedOption 0, human -1, playerEventId 255
[05:21:23][eventcommands.cpp:88]: Event ancrel.9205 added info about event selection. selectedOption 0, human -1, playerEventId 256
[05:21:23][eventcommands.cpp:352]: Event ancrel.9196 added info about event selection. human -1, playerEventId 257
[05:21:25][eventcommands.cpp:88]: Event ancrel.9095 added info about event selection. selectedOption 0, human -1, playerEventId 258
[05:21:37][eventcommands.cpp:88]: Event first_contact.1 added info about event selection. selectedOption 0, human -1, playerEventId 259
[05:21:38][eventcommands.cpp:88]: Event operation.1001 added info about event selection. selectedOption 0, human -1, playerEventId 260
[05:21:40][eventcommands.cpp:88]: Event first_contact_critters.1 added info about event selection. selectedOption 0, human -1, playerEventId 261
[05:21:42][eventcommands.cpp:88]: Event grand_archive.2901 added info about event selection. selectedOption 0, human -1, playerEventId 262
[05:21:44][eventcommands.cpp:88]: Event first_contact.5075 added info about event selection. selectedOption 0, human -1, playerEventId 263
[05:21:48][eventcommands.cpp:88]: Event first_contact_critters.5 added info about event selection. selectedOption 0, human -1, playerEventId 264
[05:21:54][eventcommands.cpp:88]: Event first_contact.1 added info about event selection. selectedOption 0, human -1, playerEventId 265
[05:21:54][eventcommands.cpp:88]: Event fedev.9435 added info about event selection. selectedOption 0, human -1, playerEventId 266
[05:21:58][eventcommands.cpp:88]: Event operation.1002 added info about event selection. selectedOption 0, human -1, playerEventId 267
[05:22:02][effect_impl.cpp:22217]: [2257.8.12] Log effect, file: events/caravaneer_events.txt line: 2134. fleet 2 >=6 countries found, tag 2
[05:22:02][effect_impl.cpp:22217]: [2257.8.12] Log effect, file: events/caravaneer_events.txt line: 2146. 1 fleet2_capital_destination set
[05:22:03][effect_impl.cpp:22217]: [2257.9.4] Log effect, file: events/caravaneer_events.txt line: 2973. fleet 3 >=6 countries found, tag 2
[05:22:03][effect_impl.cpp:22217]: [2257.9.4] Log effect, file: events/caravaneer_events.txt line: 2985. 1 fleet3_capital_destination set
[05:22:07][eventcommands.cpp:88]: Event extreme_frontiers.1215 added info about event selection. selectedOption 0, human -1, playerEventId 268
[05:22:10][effect_impl.cpp:22217]: [2258.4.5] Log effect, common/scripted_effects/caravaneer_scripted_effects.txt:1928 @ scripted effect fleet3_continue_journey at. triggered fleet3_continue_journey
[05:22:10][effect_impl.cpp:22217]: [2258.4.5] Log effect, common/scripted_effects/caravaneer_scripted_effects.txt:1931 @ scripted effect fleet3_continue_journey at. fleet 3 untagged planet
[05:22:10][effect_impl.cpp:22217]: [2258.4.6] Log effect, file: events/caravaneer_events.txt line: 3696. fleet 3 set next destination
[05:22:10][effect_impl.cpp:22217]: [2258.4.6] Log effect, file: events/caravaneer_events.txt line: 3705. fleet 3 engaged auto_move
[05:22:10][eventcommands.cpp:88]: Event first_contact_critters.1 added info about event selection. selectedOption 0, human -1, playerEventId 269
[05:22:17][eventcommands.cpp:88]: Event ancrel.9100 added info about event selection. selectedOption 0, human -1, playerEventId 270
[05:22:26][effect_impl.cpp:22217]: [2259.7.1] Log effect, file: events/unrest_events.txt line: 1497. AI 星海摩拉诺克统治集团 suffered a rebellion on 提伯斯II in 2259
[05:22:27][eventcommands.cpp:88]: Event first_contact.1 added info about event selection. selectedOption 0, human -1, playerEventId 272
[05:22:27][eventcommands.cpp:88]: Event first_contact.1 added info about event selection. selectedOption 0, human -1, playerEventId 273
[05:22:27][eventcommands.cpp:88]: Event first_contact.1 added info about event selection. selectedOption 0, human -1, playerEventId 274
[05:22:27][eventcommands.cpp:88]: Event first_contact.1 added info about event selection. selectedOption 0, human -1, playerEventId 275
[05:22:30][eventcommands.cpp:88]: Event first_contact_critters.5 added info about event selection. selectedOption 3, human -1, playerEventId 276
[05:22:31][eventcommands.cpp:88]: Event first_contact.1 added info about event selection. selectedOption 0, human -1, playerEventId 277
[05:22:34][effect_impl.cpp:22217]: [2260.1.15] Log effect, common/scripted_effects/caravaneer_scripted_effects.txt:1875 @ scripted effect fleet2_continue_journey at. triggered fleet2_continue_journey
[05:22:34][effect_impl.cpp:22217]: [2260.1.15] Log effect, common/scripted_effects/caravaneer_scripted_effects.txt:1878 @ scripted effect fleet2_continue_journey at. fleet 2 untagged planet
[05:22:34][effect_impl.cpp:22217]: [2260.1.16] Log effect, file: events/caravaneer_events.txt line: 2815. fleet 2 set next destination
[05:22:34][effect_impl.cpp:22217]: [2260.1.16] Log effect, file: events/caravaneer_events.txt line: 2824. fleet 2 engaged auto_move
[05:22:39][eventcommands.cpp:88]: Event first_contact_critters.1 added info about event selection. selectedOption 0, human -1, playerEventId 278
[05:22:45][effect_impl.cpp:22217]: [2260.10.16] Log effect, common/scripted_effects/caravaneer_scripted_effects.txt:1928 @ scripted effect fleet3_continue_journey at. triggered fleet3_continue_journey
[05:22:45][effect_impl.cpp:22217]: [2260.10.16] Log effect, common/scripted_effects/caravaneer_scripted_effects.txt:1931 @ scripted effect fleet3_continue_journey at. fleet 3 untagged planet
[05:22:45][effect_impl.cpp:22217]: [2260.10.16] Log effect, common/scripted_effects/caravaneer_scripted_effects.txt:1956 @ scripted effect fleet3_continue_journey at. fleet 3 returning home
[05:22:46][eventcommands.cpp:88]: Event extreme_frontiers.1220 added info about event selection. selectedOption 0, human -1, playerEventId 279
[05:22:47][eventcommands.cpp:88]: Event fedev.9440 added info about event selection. selectedOption 0, human -1, playerEventId 280
[05:22:47][eventcommands.cpp:88]: Event first_contact.1 added info about event selection. selectedOption 0, human -1, playerEventId 281
[05:22:51][eventcommands.cpp:88]: Event first_contact.1 added info about event selection. selectedOption 0, human -1, playerEventId 282
[05:22:54][eventcommands.cpp:88]: Event first_contact.1 added info about event selection. selectedOption 0, human -1, playerEventId 283
[05:22:55][eventcommands.cpp:88]: Event first_contact_critters.10 added info about event selection. selectedOption 0, human -1, playerEventId 284
[05:22:56][eventcommands.cpp:88]: Event first_contact_critters.5 added info about event selection. selectedOption 3, human -1, playerEventId 285
[05:22:56][effect_impl.cpp:22217]: [2261.8.29] Log effect, common/scripted_effects/caravaneer_scripted_effects.txt:1875 @ scripted effect fleet2_continue_journey at. triggered fleet2_continue_journey
[05:22:56][effect_impl.cpp:22217]: [2261.8.29] Log effect, common/scripted_effects/caravaneer_scripted_effects.txt:1878 @ scripted effect fleet2_continue_journey at. fleet 2 untagged planet
[05:22:56][effect_impl.cpp:22217]: [2261.8.29] Log effect, common/scripted_effects/caravaneer_scripted_effects.txt:1903 @ scripted effect fleet2_continue_journey at. fleet 2 returning home
[05:23:04][eventcommands.cpp:88]: Event first_contact.1 added info about event selection. selectedOption 0, human -1, playerEventId 286
[05:23:11][eventcommands.cpp:88]: Event first_contact.1 added info about event selection. selectedOption 0, human -1, playerEventId 287
[05:23:12][eventcommands.cpp:88]: Event first_contact.1 added info about event selection. selectedOption 0, human -1, playerEventId 288
[05:23:13][eventcommands.cpp:88]: Event first_contact_critters.80 added info about event selection. selectedOption 0, human -1, playerEventId 289
[05:23:14][eventcommands.cpp:88]: Event first_contact_critters.1 added info about event selection. selectedOption 0, human -1, playerEventId 290
[05:23:16][eventcommands.cpp:88]: Event first_contact_critters.1 added info about event selection. selectedOption 0, human -1, playerEventId 291
[05:23:24][eventcommands.cpp:88]: Event first_contact_critters.40 added info about event selection. selectedOption 0, human -1, playerEventId 292
[05:23:27][eventcommands.cpp:88]: Event first_contact.5005 added info about event selection. selectedOption 0, human -1, playerEventId 293
[05:23:29][eventcommands.cpp:88]: Event first_contact.1 added info about event selection. selectedOption 0, human -1, playerEventId 294
[05:23:35][eventcommands.cpp:88]: Event first_contact_critters.5 added info about event selection. selectedOption 0, human -1, playerEventId 295
[05:23:35][eventcommands.cpp:88]: Event first_contact_critters.1 added info about event selection. selectedOption 0, human -1, playerEventId 296
[05:23:40][eventcommands.cpp:88]: Event first_contact_critters.1 added info about event selection. selectedOption 0, human -1, playerEventId 297
[05:23:43][eventcommands.cpp:88]: Event first_contact_critters.5 added info about event selection. selectedOption 3, human -1, playerEventId 298
[05:23:46][eventcommands.cpp:88]: Event first_contact_critters.85 added info about event selection. selectedOption 0, human -1, playerEventId 299
[05:23:47][eventcommands.cpp:88]: Event ancrel.9120 added info about event selection. selectedOption 0, human -1, playerEventId 300
[05:23:52][eventcommands.cpp:88]: Event first_contact.1 added info about event selection. selectedOption 0, human -1, playerEventId 301
[05:23:54][eventcommands.cpp:88]: Event first_contact.5030 added info about event selection. selectedOption 0, human -1, playerEventId 302
[05:24:02][eventcommands.cpp:88]: Event first_contact_critters.15 added info about event selection. selectedOption 0, human -1, playerEventId 303
[05:24:09][eventcommands.cpp:88]: Event first_contact.5065 added info about event selection. selectedOption 0, human -1, playerEventId 304
[05:24:10][eventcommands.cpp:88]: Event operation.1000 added info about event selection. selectedOption 0, human -1, playerEventId 305
[05:24:12][eventcommands.cpp:88]: Event first_contact_critters.5 added info about event selection. selectedOption 3, human -1, playerEventId 306
[05:24:13][eventcommands.cpp:88]: Event first_contact_critters.80 added info about event selection. selectedOption 0, human -1, playerEventId 307
[05:24:13][eventcommands.cpp:88]: Event first_contact_critters.45 added info about event selection. selectedOption 0, human -1, playerEventId 308
[05:24:13][eventcommands.cpp:88]: Event first_contact_critters.1 added info about event selection. selectedOption 0, human -1, playerEventId 309
[05:24:18][eventcommands.cpp:88]: Event first_contact_critters.5 added info about event selection. selectedOption 3, human -1, playerEventId 310
[05:24:31][eventcommands.cpp:88]: Event first_contact_critters.85 added info about event selection. selectedOption 1, human -1, playerEventId 311
[05:24:33][eventcommands.cpp:88]: Event operation.1001 added info about event selection. selectedOption 0, human -1, playerEventId 312
[05:24:38][eventcommands.cpp:88]: Event first_contact_critters.5 added info about event selection. selectedOption 3, human -1, playerEventId 313
[05:24:43][eventcommands.cpp:88]: Event ancrel.9125 added info about event selection. selectedOption 0, human -1, playerEventId 314
[05:25:12][eventcommands.cpp:88]: Event ancrel.9135 added info about event selection. selectedOption 0, human -1, playerEventId 315
[05:25:12][eventcommands.cpp:352]: Event ancrel.9126 added info about event selection. human -1, playerEventId 316
[05:25:13][eventcommands.cpp:88]: Event first_contact.1 added info about event selection. selectedOption 0, human -1, playerEventId 317
[05:25:16][eventcommands.cpp:88]: Event grand_archive.2000 added info about event selection. selectedOption 0, human -1, playerEventId 319
[05:25:20][eventcommands.cpp:88]: Event ancrel.8070 added info about event selection. selectedOption 0, human -1, playerEventId 320
[05:25:39][eventcommands.cpp:88]: Event grand_archive.2005 added info about event selection. selectedOption 1, human -1, playerEventId 321
[05:25:40][effect_impl.cpp:22217]: [2273.1.5] Log effect, file: events/caravaneer_events.txt line: 2973. fleet 3 >=6 countries found, tag 2
[05:25:40][effect_impl.cpp:22217]: [2273.1.5] Log effect, file: events/caravaneer_events.txt line: 2985. 1 fleet3_capital_destination set
[05:25:48][effect_impl.cpp:22217]: [2273.7.19] Log effect, common/scripted_effects/caravaneer_scripted_effects.txt:1928 @ scripted effect fleet3_continue_journey at. triggered fleet3_continue_journey
[05:25:48][effect_impl.cpp:22217]: [2273.7.19] Log effect, common/scripted_effects/caravaneer_scripted_effects.txt:1931 @ scripted effect fleet3_continue_journey at. fleet 3 untagged planet
[05:25:48][effect_impl.cpp:22217]: [2273.7.20] Log effect, file: events/caravaneer_events.txt line: 3696. fleet 3 set next destination
[05:25:48][effect_impl.cpp:22217]: [2273.7.20] Log effect, file: events/caravaneer_events.txt line: 3705. fleet 3 engaged auto_move
[05:25:53][eventcommands.cpp:88]: Event operation.1000 added info about event selection. selectedOption 0, human -1, playerEventId 322
[05:25:59][eventcommands.cpp:88]: Event first_contact.1 added info about event selection. selectedOption 0, human -1, playerEventId 323
[05:25:59][eventcommands.cpp:88]: Event first_contact.1 added info about event selection. selectedOption 0, human -1, playerEventId 324
[05:25:59][eventcommands.cpp:88]: Event first_contact.1 added info about event selection. selectedOption 0, human -1, playerEventId 325
[05:25:59][eventcommands.cpp:88]: Event first_contact.1 added info about event selection. selectedOption 0, human -1, playerEventId 326
[05:26:06][eventcommands.cpp:88]: Event operation.1001 added info about event selection. selectedOption 0, human -1, playerEventId 327
[05:26:14][effect_impl.cpp:22217]: [2275.4.16] Log effect, file: events/caravaneer_events.txt line: 2134. fleet 2 >=6 countries found, tag 2
[05:26:14][effect_impl.cpp:22217]: [2275.4.16] Log effect, file: events/caravaneer_events.txt line: 2146. 1 fleet2_capital_destination set
[05:26:18][eventcommands.cpp:88]: Event first_contact.1 added info about event selection. selectedOption 0, human -1, playerEventId 328
[05:26:22][effect_impl.cpp:22217]: [2275.10.29] Log effect, common/scripted_effects/caravaneer_scripted_effects.txt:1875 @ scripted effect fleet2_continue_journey at. triggered fleet2_continue_journey
[05:26:22][effect_impl.cpp:22217]: [2275.10.29] Log effect, common/scripted_effects/caravaneer_scripted_effects.txt:1878 @ scripted effect fleet2_continue_journey at. fleet 2 untagged planet
[05:26:22][effect_impl.cpp:22217]: [2275.10.30] Log effect, file: events/caravaneer_events.txt line: 2815. fleet 2 set next destination
[05:26:22][effect_impl.cpp:22217]: [2275.10.30] Log effect, file: events/caravaneer_events.txt line: 2824. fleet 2 engaged auto_move
[05:26:33][eventcommands.cpp:88]: Event first_contact_critters.70 added info about event selection. selectedOption 0, human -1, playerEventId 330
[05:26:34][effect_impl.cpp:22217]: [2276.9.21] Log effect, common/scripted_effects/caravaneer_scripted_effects.txt:1928 @ scripted effect fleet3_continue_journey at. triggered fleet3_continue_journey
[05:26:34][effect_impl.cpp:22217]: [2276.9.21] Log effect, common/scripted_effects/caravaneer_scripted_effects.txt:1931 @ scripted effect fleet3_continue_journey at. fleet 3 untagged planet
[05:26:34][effect_impl.cpp:22217]: [2276.9.21] Log effect, common/scripted_effects/caravaneer_scripted_effects.txt:1956 @ scripted effect fleet3_continue_journey at. fleet 3 returning home
[05:26:38][eventcommands.cpp:88]: Event first_contact.1 added info about event selection. selectedOption 0, human -1, playerEventId 331
[05:26:48][eventcommands.cpp:88]: Event ancrel.9105 added info about event selection. selectedOption 0, human -1, playerEventId 332
[05:26:48][eventcommands.cpp:352]: Event ancrel.9101 added info about event selection. human -1, playerEventId 333
[05:26:50][eventcommands.cpp:88]: Event first_contact_critters.80 added info about event selection. selectedOption 0, human -1, playerEventId 334
[05:27:04][eventcommands.cpp:88]: Event first_contact_critters.10 added info about event selection. selectedOption 0, human -1, playerEventId 336
[05:27:08][effect_impl.cpp:22217]: [2279.1.1] Log effect, common/scripted_effects/caravaneer_scripted_effects.txt:1875 @ scripted effect fleet2_continue_journey at. triggered fleet2_continue_journey
[05:27:08][effect_impl.cpp:22217]: [2279.1.1] Log effect, common/scripted_effects/caravaneer_scripted_effects.txt:1878 @ scripted effect fleet2_continue_journey at. fleet 2 untagged planet
[05:27:08][effect_impl.cpp:22217]: [2279.1.1] Log effect, common/scripted_effects/caravaneer_scripted_effects.txt:1903 @ scripted effect fleet2_continue_journey at. fleet 2 returning home
[05:27:12][eventcommands.cpp:88]: Event first_contact_critters.1 added info about event selection. selectedOption 0, human -1, playerEventId 337
[05:27:16][eventcommands.cpp:88]: Event operation.1000 added info about event selection. selectedOption 0, human -1, playerEventId 338
[05:36:37][eventcommands.cpp:88]: Event first_contact_critters.1 added info about event selection. selectedOption 0, human -1, playerEventId 339
[05:36:48][eventcommands.cpp:88]: Event operation.1001 added info about event selection. selectedOption 0, human -1, playerEventId 340
